-- phpMyAdmin SQL Dump
-- version 5.1.1
-- https://www.phpmyadmin.net/
--
-- Host: 127.0.0.1
-- Generation Time: Jun 25, 2023 at 10:01 PM
-- Server version: 10.4.21-MariaDB
-- PHP Version: 7.4.25

SET SQL_MODE = "NO_AUTO_VALUE_ON_ZERO";
START TRANSACTION;
SET time_zone = "+00:00";


/*!40101 SET @OLD_CHARACTER_SET_CLIENT=@@CHARACTER_SET_CLIENT */;
/*!40101 SET @OLD_CHARACTER_SET_RESULTS=@@CHARACTER_SET_RESULTS */;
/*!40101 SET @OLD_COLLATION_CONNECTION=@@COLLATION_CONNECTION */;
/*!40101 SET NAMES utf8mb4 */;

--
-- Database: `online_ticket_purchase`
--

-- --------------------------------------------------------

--
-- Table structure for table `city_routes`
--

CREATE TABLE `city_routes` (
  `idCTR` int(11) NOT NULL,
  `idCTS` int(11) NOT NULL,
  `idCTD` int(11) NOT NULL,
  `Route` varchar(255) COLLATE utf8mb4_unicode_ci NOT NULL,
  `Distance` float(10,2) NOT NULL
) ENGINE=InnoDB DEFAULT CHARSET=utf8mb4 COLLATE=utf8mb4_unicode_ci;

--
-- Dumping data for table `city_routes`
--

INSERT INTO `city_routes` (`idCTR`, `idCTS`, `idCTD`, `Route`, `Distance`) VALUES
(1, 1, 1, 'تهران-تهران', 0.55),
(2, 2, 1, 'مشهد-تهران', 821.99),
(3, 3, 1, 'اصفهان-تهران', 108.33),
(4, 4, 1, 'کرج-تهران', 75.64),
(5, 5, 1, 'تبریز-تهران', 53.25),
(6, 6, 1, 'شیراز-تهران', 39.30),
(7, 7, 1, 'اهواز-تهران', 36.77),
(8, 8, 1, 'قم-تهران', 65.92),
(9, 9, 1, 'گرگان-تهران', 219.32),
(10, 10, 1, 'بندرعباس-تهران', 898.84),
(11, 11, 1, 'ماکو-تهران', 836.22),
(12, 12, 1, 'زاهدان-تهران', 484.59),
(13, 13, 1, 'سیرجان-تهران', 914.28),
(14, 14, 1, 'خرم‌آباد-تهران', 117.65),
(15, 15, 1, 'سنندج-تهران', 845.42),
(16, 16, 1, 'یاسوج-تهران', 874.14),
(17, 17, 1, 'بجنورد-تهران', 834.43),
(18, 18, 1, 'سبزوار-تهران', 549.74),
(19, 19, 1, 'قائم‌شهر-تهران', 245.40),
(20, 20, 1, 'ساری-تهران', 577.78),
(21, 21, 1, 'شاهرود-تهران', 152.70),
(22, 22, 1, 'زنجان-تهران', 30.18),
(23, 23, 1, 'ملایر-تهران', 692.78),
(24, 24, 1, 'قزوین-تهران', 373.38),
(25, 25, 1, 'نیشابور-تهران', 788.55),
(26, 26, 1, 'شهرکرد-تهران', 822.62),
(27, 27, 1, 'کاشمر-تهران', 747.45),
(28, 28, 1, 'گلستان-تهران', 269.41),
(29, 29, 1, 'بیرجند-تهران', 104.67),
(30, 30, 1, 'فیروزکوه-تهران', 715.11),
(31, 1, 2, 'تهران-مشهد', 261.55),
(32, 2, 2, 'مشهد-مشهد', 162.41),
(33, 3, 2, 'اصفهان-مشهد', 27.39),
(34, 4, 2, 'کرج-مشهد', 649.74),
(35, 5, 2, 'تبریز-مشهد', 166.52),
(36, 6, 2, 'شیراز-مشهد', 883.37),
(37, 7, 2, 'اهواز-مشهد', 917.31),
(38, 8, 2, 'قم-مشهد', 936.44),
(39, 9, 2, 'گرگان-مشهد', 930.26),
(40, 10, 2, 'بندرعباس-مشهد', 842.00),
(41, 11, 2, 'ماکو-مشهد', 419.21),
(42, 12, 2, 'زاهدان-مشهد', 570.07),
(43, 13, 2, 'سیرجان-مشهد', 592.71),
(44, 14, 2, 'خرم‌آباد-مشهد', 253.33),
(45, 15, 2, 'سنندج-مشهد', 488.51),
(46, 16, 2, 'یاسوج-مشهد', 682.55),
(47, 17, 2, 'بجنورد-مشهد', 947.25),
(48, 18, 2, 'سبزوار-مشهد', 688.59),
(49, 19, 2, 'قائم‌شهر-مشهد', 601.21),
(50, 20, 2, 'ساری-مشهد', 940.28),
(51, 21, 2, 'شاهرود-مشهد', 897.75),
(52, 22, 2, 'زنجان-مشهد', 667.92),
(53, 23, 2, 'ملایر-مشهد', 646.35),
(54, 24, 2, 'قزوین-مشهد', 227.98),
(55, 25, 2, 'نیشابور-مشهد', 200.85),
(56, 26, 2, 'شهرکرد-مشهد', 320.33),
(57, 27, 2, 'کاشمر-مشهد', 999.11),
(58, 28, 2, 'گلستان-مشهد', 34.54),
(59, 29, 2, 'بیرجند-مشهد', 175.38),
(60, 30, 2, 'فیروزکوه-مشهد', 773.29),
(61, 1, 3, 'تهران-اصفهان', 340.31),
(62, 2, 3, 'مشهد-اصفهان', 381.66),
(63, 3, 3, 'اصفهان-اصفهان', 887.37),
(64, 4, 3, 'کرج-اصفهان', 291.89),
(65, 5, 3, 'تبریز-اصفهان', 797.35),
(66, 6, 3, 'شیراز-اصفهان', 111.05),
(67, 7, 3, 'اهواز-اصفهان', 163.20),
(68, 8, 3, 'قم-اصفهان', 482.86),
(69, 9, 3, 'گرگان-اصفهان', 924.71),
(70, 10, 3, 'بندرعباس-اصفهان', 174.95),
(71, 11, 3, 'ماکو-اصفهان', 100.64),
(72, 12, 3, 'زاهدان-اصفهان', 978.34),
(73, 13, 3, 'سیرجان-اصفهان', 589.79),
(74, 14, 3, 'خرم‌آباد-اصفهان', 13.91),
(75, 15, 3, 'سنندج-اصفهان', 300.19),
(76, 16, 3, 'یاسوج-اصفهان', 459.24),
(77, 17, 3, 'بجنورد-اصفهان', 395.60),
(78, 18, 3, 'سبزوار-اصفهان', 600.29),
(79, 19, 3, 'قائم‌شهر-اصفهان', 814.65),
(80, 20, 3, 'ساری-اصفهان', 272.38),
(81, 21, 3, 'شاهرود-اصفهان', 917.95),
(82, 22, 3, 'زنجان-اصفهان', 772.60),
(83, 23, 3, 'ملایر-اصفهان', 109.16),
(84, 24, 3, 'قزوین-اصفهان', 228.00),
(85, 25, 3, 'نیشابور-اصفهان', 812.51),
(86, 26, 3, 'شهرکرد-اصفهان', 378.58),
(87, 27, 3, 'کاشمر-اصفهان', 455.33),
(88, 28, 3, 'گلستان-اصفهان', 140.94),
(89, 29, 3, 'بیرجند-اصفهان', 338.72),
(90, 30, 3, 'فیروزکوه-اصفهان', 270.77),
(91, 1, 4, 'تهران-کرج', 337.71),
(92, 2, 4, 'مشهد-کرج', 876.21),
(93, 3, 4, 'اصفهان-کرج', 367.92),
(94, 4, 4, 'کرج-کرج', 210.96),
(95, 5, 4, 'تبریز-کرج', 951.06),
(96, 6, 4, 'شیراز-کرج', 122.43),
(97, 7, 4, 'اهواز-کرج', 758.95),
(98, 8, 4, 'قم-کرج', 427.48),
(99, 9, 4, 'گرگان-کرج', 860.53),
(100, 10, 4, 'بندرعباس-کرج', 20.21),
(101, 11, 4, 'ماکو-کرج', 519.46),
(102, 12, 4, 'زاهدان-کرج', 536.68),
(103, 13, 4, 'سیرجان-کرج', 125.02),
(104, 14, 4, 'خرم‌آباد-کرج', 15.07),
(105, 15, 4, 'سنندج-کرج', 700.27),
(106, 16, 4, 'یاسوج-کرج', 456.14),
(107, 17, 4, 'بجنورد-کرج', 179.89),
(108, 18, 4, 'سبزوار-کرج', 531.02),
(109, 19, 4, 'قائم‌شهر-کرج', 115.44),
(110, 20, 4, 'ساری-کرج', 984.12),
(111, 21, 4, 'شاهرود-کرج', 574.31),
(112, 22, 4, 'زنجان-کرج', 919.19),
(113, 23, 4, 'ملایر-کرج', 873.02),
(114, 24, 4, 'قزوین-کرج', 607.53),
(115, 25, 4, 'نیشابور-کرج', 418.59),
(116, 26, 4, 'شهرکرد-کرج', 270.36),
(117, 27, 4, 'کاشمر-کرج', 96.01),
(118, 28, 4, 'گلستان-کرج', 668.99),
(119, 29, 4, 'بیرجند-کرج', 56.92),
(120, 30, 4, 'فیروزکوه-کرج', 277.62),
(121, 1, 5, 'تهران-تبریز', 217.35),
(122, 2, 5, 'مشهد-تبریز', 253.88),
(123, 3, 5, 'اصفهان-تبریز', 617.36),
(124, 4, 5, 'کرج-تبریز', 325.14),
(125, 5, 5, 'تبریز-تبریز', 773.61),
(126, 6, 5, 'شیراز-تبریز', 892.65),
(127, 7, 5, 'اهواز-تبریز', 142.40),
(128, 8, 5, 'قم-تبریز', 34.07),
(129, 9, 5, 'گرگان-تبریز', 743.14),
(130, 10, 5, 'بندرعباس-تبریز', 613.49),
(131, 11, 5, 'ماکو-تبریز', 838.03),
(132, 12, 5, 'زاهدان-تبریز', 349.66),
(133, 13, 5, 'سیرجان-تبریز', 234.24),
(134, 14, 5, 'خرم‌آباد-تبریز', 122.19),
(135, 15, 5, 'سنندج-تبریز', 908.24),
(136, 16, 5, 'یاسوج-تبریز', 174.63),
(137, 17, 5, 'بجنورد-تبریز', 148.44),
(138, 18, 5, 'سبزوار-تبریز', 218.31),
(139, 19, 5, 'قائم‌شهر-تبریز', 646.21),
(140, 20, 5, 'ساری-تبریز', 576.13),
(141, 21, 5, 'شاهرود-تبریز', 942.04),
(142, 22, 5, 'زنجان-تبریز', 981.79),
(143, 23, 5, 'ملایر-تبریز', 82.84),
(144, 24, 5, 'قزوین-تبریز', 468.83),
(145, 25, 5, 'نیشابور-تبریز', 95.62),
(146, 26, 5, 'شهرکرد-تبریز', 71.61),
(147, 27, 5, 'کاشمر-تبریز', 71.21),
(148, 28, 5, 'گلستان-تبریز', 141.23),
(149, 29, 5, 'بیرجند-تبریز', 492.49),
(150, 30, 5, 'فیروزکوه-تبریز', 38.78),
(151, 1, 6, 'تهران-شیراز', 716.42),
(152, 2, 6, 'مشهد-شیراز', 465.78),
(153, 3, 6, 'اصفهان-شیراز', 179.63),
(154, 4, 6, 'کرج-شیراز', 500.83),
(155, 5, 6, 'تبریز-شیراز', 965.23),
(156, 6, 6, 'شیراز-شیراز', 323.65),
(157, 7, 6, 'اهواز-شیراز', 722.58),
(158, 8, 6, 'قم-شیراز', 641.96),
(159, 9, 6, 'گرگان-شیراز', 42.05),
(160, 10, 6, 'بندرعباس-شیراز', 284.35),
(161, 11, 6, 'ماکو-شیراز', 295.63),
(162, 12, 6, 'زاهدان-شیراز', 625.07),
(163, 13, 6, 'سیرجان-شیراز', 238.48),
(164, 14, 6, 'خرم‌آباد-شیراز', 317.18),
(165, 15, 6, 'سنندج-شیراز', 870.47),
(166, 16, 6, 'یاسوج-شیراز', 400.81),
(167, 17, 6, 'بجنورد-شیراز', 392.64),
(168, 18, 6, 'سبزوار-شیراز', 760.77),
(169, 19, 6, 'قائم‌شهر-شیراز', 625.94),
(170, 20, 6, 'ساری-شیراز', 847.38),
(171, 21, 6, 'شاهرود-شیراز', 359.10),
(172, 22, 6, 'زنجان-شیراز', 253.34),
(173, 23, 6, 'ملایر-شیراز', 189.39),
(174, 24, 6, 'قزوین-شیراز', 186.95),
(175, 25, 6, 'نیشابور-شیراز', 366.59),
(176, 26, 6, 'شهرکرد-شیراز', 272.07),
(177, 27, 6, 'کاشمر-شیراز', 260.60),
(178, 28, 6, 'گلستان-شیراز', 486.81),
(179, 29, 6, 'بیرجند-شیراز', 652.22),
(180, 30, 6, 'فیروزکوه-شیراز', 800.67),
(181, 1, 7, 'تهران-اهواز', 46.68),
(182, 2, 7, 'مشهد-اهواز', 831.39),
(183, 3, 7, 'اصفهان-اهواز', 16.91),
(184, 4, 7, 'کرج-اهواز', 590.38),
(185, 5, 7, 'تبریز-اهواز', 901.16),
(186, 6, 7, 'شیراز-اهواز', 734.66),
(187, 7, 7, 'اهواز-اهواز', 969.81),
(188, 8, 7, 'قم-اهواز', 645.08),
(189, 9, 7, 'گرگان-اهواز', 315.98),
(190, 10, 7, 'بندرعباس-اهواز', 644.66),
(191, 11, 7, 'ماکو-اهواز', 275.35),
(192, 12, 7, 'زاهدان-اهواز', 442.77),
(193, 13, 7, 'سیرجان-اهواز', 387.82),
(194, 14, 7, 'خرم‌آباد-اهواز', 610.76),
(195, 15, 7, 'سنندج-اهواز', 890.34),
(196, 16, 7, 'یاسوج-اهواز', 619.44),
(197, 17, 7, 'بجنورد-اهواز', 426.18),
(198, 18, 7, 'سبزوار-اهواز', 272.56),
(199, 19, 7, 'قائم‌شهر-اهواز', 84.27),
(200, 20, 7, 'ساری-اهواز', 603.68),
(201, 21, 7, 'شاهرود-اهواز', 765.58),
(202, 22, 7, 'زنجان-اهواز', 16.88),
(203, 23, 7, 'ملایر-اهواز', 787.65),
(204, 24, 7, 'قزوین-اهواز', 887.62),
(205, 25, 7, 'نیشابور-اهواز', 75.15),
(206, 26, 7, 'شهرکرد-اهواز', 712.88),
(207, 27, 7, 'کاشمر-اهواز', 338.95),
(208, 28, 7, 'گلستان-اهواز', 556.10),
(209, 29, 7, 'بیرجند-اهواز', 763.68),
(210, 30, 7, 'فیروزکوه-اهواز', 150.07),
(211, 1, 8, 'تهران-قم', 459.30),
(212, 2, 8, 'مشهد-قم', 846.30),
(213, 3, 8, 'اصفهان-قم', 853.62),
(214, 4, 8, 'کرج-قم', 729.18),
(215, 5, 8, 'تبریز-قم', 85.04),
(216, 6, 8, 'شیراز-قم', 237.67),
(217, 7, 8, 'اهواز-قم', 933.24),
(218, 8, 8, 'قم-قم', 953.19),
(219, 9, 8, 'گرگان-قم', 966.23),
(220, 10, 8, 'بندرعباس-قم', 971.58),
(221, 11, 8, 'ماکو-قم', 959.20),
(222, 12, 8, 'زاهدان-قم', 881.25),
(223, 13, 8, 'سیرجان-قم', 528.67),
(224, 14, 8, 'خرم‌آباد-قم', 999.59),
(225, 15, 8, 'سنندج-قم', 411.94),
(226, 16, 8, 'یاسوج-قم', 60.93),
(227, 17, 8, 'بجنورد-قم', 68.82),
(228, 18, 8, 'سبزوار-قم', 161.32),
(229, 19, 8, 'قائم‌شهر-قم', 600.16),
(230, 20, 8, 'ساری-قم', 516.82),
(231, 21, 8, 'شاهرود-قم', 783.64),
(232, 22, 8, 'زنجان-قم', 367.74),
(233, 23, 8, 'ملایر-قم', 487.76),
(234, 24, 8, 'قزوین-قم', 335.57),
(235, 25, 8, 'نیشابور-قم', 214.59),
(236, 26, 8, 'شهرکرد-قم', 66.22),
(237, 27, 8, 'کاشمر-قم', 687.33),
(238, 28, 8, 'گلستان-قم', 237.99),
(239, 29, 8, 'بیرجند-قم', 127.97),
(240, 30, 8, 'فیروزکوه-قم', 925.86),
(241, 1, 9, 'تهران-گرگان', 245.39),
(242, 2, 9, 'مشهد-گرگان', 449.36),
(243, 3, 9, 'اصفهان-گرگان', 510.66),
(244, 4, 9, 'کرج-گرگان', 205.22),
(245, 5, 9, 'تبریز-گرگان', 494.12),
(246, 6, 9, 'شیراز-گرگان', 854.93),
(247, 7, 9, 'اهواز-گرگان', 792.31),
(248, 8, 9, 'قم-گرگان', 396.75),
(249, 9, 9, 'گرگان-گرگان', 606.81),
(250, 10, 9, 'بندرعباس-گرگان', 843.82),
(251, 11, 9, 'ماکو-گرگان', 398.66),
(252, 12, 9, 'زاهدان-گرگان', 461.85),
(253, 13, 9, 'سیرجان-گرگان', 113.27),
(254, 14, 9, 'خرم‌آباد-گرگان', 180.80),
(255, 15, 9, 'سنندج-گرگان', 564.18),
(256, 16, 9, 'یاسوج-گرگان', 278.51),
(257, 17, 9, 'بجنورد-گرگان', 700.00),
(258, 18, 9, 'سبزوار-گرگان', 664.46),
(259, 19, 9, 'قائم‌شهر-گرگان', 222.29),
(260, 20, 9, 'ساری-گرگان', 118.10),
(261, 21, 9, 'شاهرود-گرگان', 923.60),
(262, 22, 9, 'زنجان-گرگان', 263.72),
(263, 23, 9, 'ملایر-گرگان', 547.78),
(264, 24, 9, 'قزوین-گرگان', 947.75),
(265, 25, 9, 'نیشابور-گرگان', 95.39),
(266, 26, 9, 'شهرکرد-گرگان', 633.72),
(267, 27, 9, 'کاشمر-گرگان', 882.42),
(268, 28, 9, 'گلستان-گرگان', 510.93),
(269, 29, 9, 'بیرجند-گرگان', 907.42),
(270, 30, 9, 'فیروزکوه-گرگان', 4.29),
(271, 1, 10, 'تهران-بندرعباس', 299.21),
(272, 2, 10, 'مشهد-بندرعباس', 483.16),
(273, 3, 10, 'اصفهان-بندرعباس', 518.17),
(274, 4, 10, 'کرج-بندرعباس', 141.38),
(275, 5, 10, 'تبریز-بندرعباس', 152.39),
(276, 6, 10, 'شیراز-بندرعباس', 337.79),
(277, 7, 10, 'اهواز-بندرعباس', 231.79),
(278, 8, 10, 'قم-بندرعباس', 145.57),
(279, 9, 10, 'گرگان-بندرعباس', 32.48),
(280, 10, 10, 'بندرعباس-بندرعباس', 725.68),
(281, 11, 10, 'ماکو-بندرعباس', 530.95),
(282, 12, 10, 'زاهدان-بندرعباس', 477.73),
(283, 13, 10, 'سیرجان-بندرعباس', 795.79),
(284, 14, 10, 'خرم‌آباد-بندرعباس', 545.77),
(285, 15, 10, 'سنندج-بندرعباس', 341.48),
(286, 16, 10, 'یاسوج-بندرعباس', 70.10),
(287, 17, 10, 'بجنورد-بندرعباس', 326.06),
(288, 18, 10, 'سبزوار-بندرعباس', 419.98),
(289, 19, 10, 'قائم‌شهر-بندرعباس', 121.72),
(290, 20, 10, 'ساری-بندرعباس', 348.65),
(291, 21, 10, 'شاهرود-بندرعباس', 378.12),
(292, 22, 10, 'زنجان-بندرعباس', 844.64),
(293, 23, 10, 'ملایر-بندرعباس', 88.83),
(294, 24, 10, 'قزوین-بندرعباس', 910.22),
(295, 25, 10, 'نیشابور-بندرعباس', 284.64),
(296, 26, 10, 'شهرکرد-بندرعباس', 692.52),
(297, 27, 10, 'کاشمر-بندرعباس', 608.66),
(298, 28, 10, 'گلستان-بندرعباس', 965.78),
(299, 29, 10, 'بیرجند-بندرعباس', 2.89),
(300, 30, 10, 'فیروزکوه-بندرعباس', 117.13),
(301, 1, 11, 'تهران-ماکو', 576.98),
(302, 2, 11, 'مشهد-ماکو', 533.52),
(303, 3, 11, 'اصفهان-ماکو', 936.65),
(304, 4, 11, 'کرج-ماکو', 82.71),
(305, 5, 11, 'تبریز-ماکو', 603.57),
(306, 6, 11, 'شیراز-ماکو', 769.74),
(307, 7, 11, 'اهواز-ماکو', 37.99),
(308, 8, 11, 'قم-ماکو', 880.74),
(309, 9, 11, 'گرگان-ماکو', 289.73),
(310, 10, 11, 'بندرعباس-ماکو', 806.44),
(311, 11, 11, 'ماکو-ماکو', 162.98),
(312, 12, 11, 'زاهدان-ماکو', 395.59),
(313, 13, 11, 'سیرجان-ماکو', 489.03),
(314, 14, 11, 'خرم‌آباد-ماکو', 258.36),
(315, 15, 11, 'سنندج-ماکو', 824.73),
(316, 16, 11, 'یاسوج-ماکو', 348.58),
(317, 17, 11, 'بجنورد-ماکو', 268.69),
(318, 18, 11, 'سبزوار-ماکو', 297.71),
(319, 19, 11, 'قائم‌شهر-ماکو', 682.50),
(320, 20, 11, 'ساری-ماکو', 519.37),
(321, 21, 11, 'شاهرود-ماکو', 549.35),
(322, 22, 11, 'زنجان-ماکو', 188.65),
(323, 23, 11, 'ملایر-ماکو', 295.17),
(324, 24, 11, 'قزوین-ماکو', 909.93),
(325, 25, 11, 'نیشابور-ماکو', 664.13),
(326, 26, 11, 'شهرکرد-ماکو', 590.87),
(327, 27, 11, 'کاشمر-ماکو', 961.96),
(328, 28, 11, 'گلستان-ماکو', 37.18),
(329, 29, 11, 'بیرجند-ماکو', 300.04),
(330, 30, 11, 'فیروزکوه-ماکو', 388.64),
(331, 1, 12, 'تهران-زاهدان', 43.10),
(332, 2, 12, 'مشهد-زاهدان', 49.56),
(333, 3, 12, 'اصفهان-زاهدان', 118.52),
(334, 4, 12, 'کرج-زاهدان', 443.92),
(335, 5, 12, 'تبریز-زاهدان', 864.05),
(336, 6, 12, 'شیراز-زاهدان', 988.50),
(337, 7, 12, 'اهواز-زاهدان', 350.32),
(338, 8, 12, 'قم-زاهدان', 786.11),
(339, 9, 12, 'گرگان-زاهدان', 879.58),
(340, 10, 12, 'بندرعباس-زاهدان', 39.57),
(341, 11, 12, 'ماکو-زاهدان', 559.10),
(342, 12, 12, 'زاهدان-زاهدان', 676.78),
(343, 13, 12, 'سیرجان-زاهدان', 706.63),
(344, 14, 12, 'خرم‌آباد-زاهدان', 502.81),
(345, 15, 12, 'سنندج-زاهدان', 394.17),
(346, 16, 12, 'یاسوج-زاهدان', 462.42),
(347, 17, 12, 'بجنورد-زاهدان', 129.59),
(348, 18, 12, 'سبزوار-زاهدان', 260.69),
(349, 19, 12, 'قائم‌شهر-زاهدان', 914.68),
(350, 20, 12, 'ساری-زاهدان', 791.31),
(351, 21, 12, 'شاهرود-زاهدان', 212.53),
(352, 22, 12, 'زنجان-زاهدان', 688.70),
(353, 23, 12, 'ملایر-زاهدان', 805.93),
(354, 24, 12, 'قزوین-زاهدان', 963.55),
(355, 25, 12, 'نیشابور-زاهدان', 399.95),
(356, 26, 12, 'شهرکرد-زاهدان', 109.11),
(357, 27, 12, 'کاشمر-زاهدان', 345.71),
(358, 28, 12, 'گلستان-زاهدان', 401.22),
(359, 29, 12, 'بیرجند-زاهدان', 968.94),
(360, 30, 12, 'فیروزکوه-زاهدان', 641.07),
(361, 1, 13, 'تهران-سیرجان', 298.53),
(362, 2, 13, 'مشهد-سیرجان', 569.45),
(363, 3, 13, 'اصفهان-سیرجان', 951.66),
(364, 4, 13, 'کرج-سیرجان', 49.92),
(365, 5, 13, 'تبریز-سیرجان', 394.65),
(366, 6, 13, 'شیراز-سیرجان', 823.48),
(367, 7, 13, 'اهواز-سیرجان', 933.45),
(368, 8, 13, 'قم-سیرجان', 196.83),
(369, 9, 13, 'گرگان-سیرجان', 183.77),
(370, 10, 13, 'بندرعباس-سیرجان', 328.38),
(371, 11, 13, 'ماکو-سیرجان', 90.59),
(372, 12, 13, 'زاهدان-سیرجان', 467.79),
(373, 13, 13, 'سیرجان-سیرجان', 67.21),
(374, 14, 13, 'خرم‌آباد-سیرجان', 932.67),
(375, 15, 13, 'سنندج-سیرجان', 461.70),
(376, 16, 13, 'یاسوج-سیرجان', 510.51),
(377, 17, 13, 'بجنورد-سیرجان', 167.43),
(378, 18, 13, 'سبزوار-سیرجان', 305.65),
(379, 19, 13, 'قائم‌شهر-سیرجان', 25.93),
(380, 20, 13, 'ساری-سیرجان', 212.70),
(381, 21, 13, 'شاهرود-سیرجان', 985.70),
(382, 22, 13, 'زنجان-سیرجان', 290.43),
(383, 23, 13, 'ملایر-سیرجان', 495.03),
(384, 24, 13, 'قزوین-سیرجان', 603.87),
(385, 25, 13, 'نیشابور-سیرجان', 534.27),
(386, 26, 13, 'شهرکرد-سیرجان', 859.74),
(387, 27, 13, 'کاشمر-سیرجان', 695.90),
(388, 28, 13, 'گلستان-سیرجان', 900.27),
(389, 29, 13, 'بیرجند-سیرجان', 413.66),
(390, 30, 13, 'فیروزکوه-سیرجان', 367.46),
(391, 1, 14, 'تهران-خرم‌آباد', 596.35),
(392, 2, 14, 'مشهد-خرم‌آباد', 879.38),
(393, 3, 14, 'اصفهان-خرم‌آباد', 607.84),
(394, 4, 14, 'کرج-خرم‌آباد', 401.06),
(395, 5, 14, 'تبریز-خرم‌آباد', 181.79),
(396, 6, 14, 'شیراز-خرم‌آباد', 705.76),
(397, 7, 14, 'اهواز-خرم‌آباد', 983.41),
(398, 8, 14, 'قم-خرم‌آباد', 799.80),
(399, 9, 14, 'گرگان-خرم‌آباد', 48.76),
(400, 10, 14, 'بندرعباس-خرم‌آباد', 844.41),
(401, 11, 14, 'ماکو-خرم‌آباد', 75.78),
(402, 12, 14, 'زاهدان-خرم‌آباد', 845.66),
(403, 13, 14, 'سیرجان-خرم‌آباد', 0.95),
(404, 14, 14, 'خرم‌آباد-خرم‌آباد', 467.76),
(405, 15, 14, 'سنندج-خرم‌آباد', 335.96),
(406, 16, 14, 'یاسوج-خرم‌آباد', 276.53),
(407, 17, 14, 'بجنورد-خرم‌آباد', 374.77),
(408, 18, 14, 'سبزوار-خرم‌آباد', 44.24),
(409, 19, 14, 'قائم‌شهر-خرم‌آباد', 96.92),
(410, 20, 14, 'ساری-خرم‌آباد', 351.85),
(411, 21, 14, 'شاهرود-خرم‌آباد', 468.51),
(412, 22, 14, 'زنجان-خرم‌آباد', 287.01),
(413, 23, 14, 'ملایر-خرم‌آباد', 29.52),
(414, 24, 14, 'قزوین-خرم‌آباد', 286.55),
(415, 25, 14, 'نیشابور-خرم‌آباد', 344.20),
(416, 26, 14, 'شهرکرد-خرم‌آباد', 861.36),
(417, 27, 14, 'کاشمر-خرم‌آباد', 274.19),
(418, 28, 14, 'گلستان-خرم‌آباد', 786.87),
(419, 29, 14, 'بیرجند-خرم‌آباد', 111.78),
(420, 30, 14, 'فیروزکوه-خرم‌آباد', 198.28),
(421, 1, 15, 'تهران-سنندج', 656.09),
(422, 2, 15, 'مشهد-سنندج', 685.59),
(423, 3, 15, 'اصفهان-سنندج', 459.68),
(424, 4, 15, 'کرج-سنندج', 241.65),
(425, 5, 15, 'تبریز-سنندج', 829.20),
(426, 6, 15, 'شیراز-سنندج', 421.06),
(427, 7, 15, 'اهواز-سنندج', 617.70),
(428, 8, 15, 'قم-سنندج', 825.31),
(429, 9, 15, 'گرگان-سنندج', 273.44),
(430, 10, 15, 'بندرعباس-سنندج', 891.28),
(431, 11, 15, 'ماکو-سنندج', 636.07),
(432, 12, 15, 'زاهدان-سنندج', 506.52),
(433, 13, 15, 'سیرجان-سنندج', 624.40),
(434, 14, 15, 'خرم‌آباد-سنندج', 602.42),
(435, 15, 15, 'سنندج-سنندج', 138.91),
(436, 16, 15, 'یاسوج-سنندج', 887.29),
(437, 17, 15, 'بجنورد-سنندج', 19.70),
(438, 18, 15, 'سبزوار-سنندج', 436.66),
(439, 19, 15, 'قائم‌شهر-سنندج', 124.21),
(440, 20, 15, 'ساری-سنندج', 311.04),
(441, 21, 15, 'شاهرود-سنندج', 182.58),
(442, 22, 15, 'زنجان-سنندج', 979.76),
(443, 23, 15, 'ملایر-سنندج', 351.07),
(444, 24, 15, 'قزوین-سنندج', 816.08),
(445, 25, 15, 'نیشابور-سنندج', 27.19),
(446, 26, 15, 'شهرکرد-سنندج', 687.69),
(447, 27, 15, 'کاشمر-سنندج', 356.89),
(448, 28, 15, 'گلستان-سنندج', 721.37),
(449, 29, 15, 'بیرجند-سنندج', 536.21),
(450, 30, 15, 'فیروزکوه-سنندج', 516.91),
(451, 1, 16, 'تهران-یاسوج', 975.94),
(452, 2, 16, 'مشهد-یاسوج', 328.95),
(453, 3, 16, 'اصفهان-یاسوج', 716.95),
(454, 4, 16, 'کرج-یاسوج', 597.88),
(455, 5, 16, 'تبریز-یاسوج', 838.57),
(456, 6, 16, 'شیراز-یاسوج', 399.22),
(457, 7, 16, 'اهواز-یاسوج', 480.37),
(458, 8, 16, 'قم-یاسوج', 204.20),
(459, 9, 16, 'گرگان-یاسوج', 579.89),
(460, 10, 16, 'بندرعباس-یاسوج', 286.85),
(461, 11, 16, 'ماکو-یاسوج', 694.56),
(462, 12, 16, 'زاهدان-یاسوج', 612.27),
(463, 13, 16, 'سیرجان-یاسوج', 977.65),
(464, 14, 16, 'خرم‌آباد-یاسوج', 51.46),
(465, 15, 16, 'سنندج-یاسوج', 324.36),
(466, 16, 16, 'یاسوج-یاسوج', 467.42),
(467, 17, 16, 'بجنورد-یاسوج', 364.01),
(468, 18, 16, 'سبزوار-یاسوج', 417.79),
(469, 19, 16, 'قائم‌شهر-یاسوج', 996.94),
(470, 20, 16, 'ساری-یاسوج', 731.31),
(471, 21, 16, 'شاهرود-یاسوج', 665.73),
(472, 22, 16, 'زنجان-یاسوج', 134.74),
(473, 23, 16, 'ملایر-یاسوج', 676.48),
(474, 24, 16, 'قزوین-یاسوج', 978.21),
(475, 25, 16, 'نیشابور-یاسوج', 861.61),
(476, 26, 16, 'شهرکرد-یاسوج', 373.39),
(477, 27, 16, 'کاشمر-یاسوج', 282.14),
(478, 28, 16, 'گلستان-یاسوج', 290.53),
(479, 29, 16, 'بیرجند-یاسوج', 606.23),
(480, 30, 16, 'فیروزکوه-یاسوج', 159.55),
(481, 1, 17, 'تهران-بجنورد', 979.06),
(482, 2, 17, 'مشهد-بجنورد', 416.65),
(483, 3, 17, 'اصفهان-بجنورد', 146.09),
(484, 4, 17, 'کرج-بجنورد', 480.48),
(485, 5, 17, 'تبریز-بجنورد', 964.14),
(486, 6, 17, 'شیراز-بجنورد', 379.28),
(487, 7, 17, 'اهواز-بجنورد', 3.95),
(488, 8, 17, 'قم-بجنورد', 881.90),
(489, 9, 17, 'گرگان-بجنورد', 397.68),
(490, 10, 17, 'بندرعباس-بجنورد', 342.67),
(491, 11, 17, 'ماکو-بجنورد', 520.33),
(492, 12, 17, 'زاهدان-بجنورد', 573.62),
(493, 13, 17, 'سیرجان-بجنورد', 307.12),
(494, 14, 17, 'خرم‌آباد-بجنورد', 814.73),
(495, 15, 17, 'سنندج-بجنورد', 152.30),
(496, 16, 17, 'یاسوج-بجنورد', 317.33),
(497, 17, 17, 'بجنورد-بجنورد', 129.73),
(498, 18, 17, 'سبزوار-بجنورد', 696.66),
(499, 19, 17, 'قائم‌شهر-بجنورد', 94.11),
(500, 20, 17, 'ساری-بجنورد', 380.59),
(501, 21, 17, 'شاهرود-بجنورد', 620.61),
(502, 22, 17, 'زنجان-بجنورد', 961.27),
(503, 23, 17, 'ملایر-بجنورد', 944.54),
(504, 24, 17, 'قزوین-بجنورد', 838.87),
(505, 25, 17, 'نیشابور-بجنورد', 360.74),
(506, 26, 17, 'شهرکرد-بجنورد', 287.10),
(507, 27, 17, 'کاشمر-بجنورد', 353.26),
(508, 28, 17, 'گلستان-بجنورد', 905.00),
(509, 29, 17, 'بیرجند-بجنورد', 465.21),
(510, 30, 17, 'فیروزکوه-بجنورد', 611.06),
(511, 1, 18, 'تهران-سبزوار', 659.69),
(512, 2, 18, 'مشهد-سبزوار', 465.24),
(513, 3, 18, 'اصفهان-سبزوار', 347.15),
(514, 4, 18, 'کرج-سبزوار', 340.02),
(515, 5, 18, 'تبریز-سبزوار', 658.65),
(516, 6, 18, 'شیراز-سبزوار', 273.19),
(517, 7, 18, 'اهواز-سبزوار', 390.00),
(518, 8, 18, 'قم-سبزوار', 130.45),
(519, 9, 18, 'گرگان-سبزوار', 482.23),
(520, 10, 18, 'بندرعباس-سبزوار', 19.82),
(521, 11, 18, 'ماکو-سبزوار', 652.38),
(522, 12, 18, 'زاهدان-سبزوار', 202.47),
(523, 13, 18, 'سیرجان-سبزوار', 55.18),
(524, 14, 18, 'خرم‌آباد-سبزوار', 668.51),
(525, 15, 18, 'سنندج-سبزوار', 177.02),
(526, 16, 18, 'یاسوج-سبزوار', 879.57),
(527, 17, 18, 'بجنورد-سبزوار', 866.76),
(528, 18, 18, 'سبزوار-سبزوار', 695.12),
(529, 19, 18, 'قائم‌شهر-سبزوار', 875.31),
(530, 20, 18, 'ساری-سبزوار', 291.21),
(531, 21, 18, 'شاهرود-سبزوار', 830.10),
(532, 22, 18, 'زنجان-سبزوار', 276.89),
(533, 23, 18, 'ملایر-سبزوار', 894.12),
(534, 24, 18, 'قزوین-سبزوار', 639.96),
(535, 25, 18, 'نیشابور-سبزوار', 517.41),
(536, 26, 18, 'شهرکرد-سبزوار', 667.19),
(537, 27, 18, 'کاشمر-سبزوار', 783.70),
(538, 28, 18, 'گلستان-سبزوار', 916.95),
(539, 29, 18, 'بیرجند-سبزوار', 233.64),
(540, 30, 18, 'فیروزکوه-سبزوار', 417.36),
(541, 1, 19, 'تهران-قائم‌شهر', 385.89),
(542, 2, 19, 'مشهد-قائم‌شهر', 677.36),
(543, 3, 19, 'اصفهان-قائم‌شهر', 229.11),
(544, 4, 19, 'کرج-قائم‌شهر', 113.49),
(545, 5, 19, 'تبریز-قائم‌شهر', 880.11),
(546, 6, 19, 'شیراز-قائم‌شهر', 60.06),
(547, 7, 19, 'اهواز-قائم‌شهر', 660.01),
(548, 8, 19, 'قم-قائم‌شهر', 119.83),
(549, 9, 19, 'گرگان-قائم‌شهر', 619.15),
(550, 10, 19, 'بندرعباس-قائم‌شهر', 736.25),
(551, 11, 19, 'ماکو-قائم‌شهر', 823.81),
(552, 12, 19, 'زاهدان-قائم‌شهر', 910.30),
(553, 13, 19, 'سیرجان-قائم‌شهر', 80.05),
(554, 14, 19, 'خرم‌آباد-قائم‌شهر', 669.37),
(555, 15, 19, 'سنندج-قائم‌شهر', 106.68),
(556, 16, 19, 'یاسوج-قائم‌شهر', 525.29),
(557, 17, 19, 'بجنورد-قائم‌شهر', 306.43),
(558, 18, 19, 'سبزوار-قائم‌شهر', 956.26),
(559, 19, 19, 'قائم‌شهر-قائم‌شهر', 862.00),
(560, 20, 19, 'ساری-قائم‌شهر', 441.22),
(561, 21, 19, 'شاهرود-قائم‌شهر', 620.11),
(562, 22, 19, 'زنجان-قائم‌شهر', 776.90),
(563, 23, 19, 'ملایر-قائم‌شهر', 24.16),
(564, 24, 19, 'قزوین-قائم‌شهر', 790.12),
(565, 25, 19, 'نیشابور-قائم‌شهر', 878.10),
(566, 26, 19, 'شهرکرد-قائم‌شهر', 20.16),
(567, 27, 19, 'کاشمر-قائم‌شهر', 466.49),
(568, 28, 19, 'گلستان-قائم‌شهر', 271.96),
(569, 29, 19, 'بیرجند-قائم‌شهر', 960.32),
(570, 30, 19, 'فیروزکوه-قائم‌شهر', 985.74),
(571, 1, 20, 'تهران-ساری', 47.75),
(572, 2, 20, 'مشهد-ساری', 281.50),
(573, 3, 20, 'اصفهان-ساری', 264.27),
(574, 4, 20, 'کرج-ساری', 476.86),
(575, 5, 20, 'تبریز-ساری', 591.47),
(576, 6, 20, 'شیراز-ساری', 526.77),
(577, 7, 20, 'اهواز-ساری', 859.44),
(578, 8, 20, 'قم-ساری', 716.88),
(579, 9, 20, 'گرگان-ساری', 6.07),
(580, 10, 20, 'بندرعباس-ساری', 879.72),
(581, 11, 20, 'ماکو-ساری', 380.41),
(582, 12, 20, 'زاهدان-ساری', 262.86),
(583, 13, 20, 'سیرجان-ساری', 173.07),
(584, 14, 20, 'خرم‌آباد-ساری', 76.77),
(585, 15, 20, 'سنندج-ساری', 864.66),
(586, 16, 20, 'یاسوج-ساری', 93.00),
(587, 17, 20, 'بجنورد-ساری', 871.00),
(588, 18, 20, 'سبزوار-ساری', 76.02),
(589, 19, 20, 'قائم‌شهر-ساری', 767.09),
(590, 20, 20, 'ساری-ساری', 607.37),
(591, 21, 20, 'شاهرود-ساری', 735.60),
(592, 22, 20, 'زنجان-ساری', 855.90),
(593, 23, 20, 'ملایر-ساری', 72.69),
(594, 24, 20, 'قزوین-ساری', 795.76),
(595, 25, 20, 'نیشابور-ساری', 760.71),
(596, 26, 20, 'شهرکرد-ساری', 416.27),
(597, 27, 20, 'کاشمر-ساری', 799.23),
(598, 28, 20, 'گلستان-ساری', 747.34),
(599, 29, 20, 'بیرجند-ساری', 339.01),
(600, 30, 20, 'فیروزکوه-ساری', 453.03),
(601, 1, 21, 'تهران-شاهرود', 248.13),
(602, 2, 21, 'مشهد-شاهرود', 881.57),
(603, 3, 21, 'اصفهان-شاهرود', 663.44),
(604, 4, 21, 'کرج-شاهرود', 672.51),
(605, 5, 21, 'تبریز-شاهرود', 372.22),
(606, 6, 21, 'شیراز-شاهرود', 843.59),
(607, 7, 21, 'اهواز-شاهرود', 101.27),
(608, 8, 21, 'قم-شاهرود', 975.58),
(609, 9, 21, 'گرگان-شاهرود', 574.11),
(610, 10, 21, 'بندرعباس-شاهرود', 943.80),
(611, 11, 21, 'ماکو-شاهرود', 996.67),
(612, 12, 21, 'زاهدان-شاهرود', 151.93),
(613, 13, 21, 'سیرجان-شاهرود', 769.65),
(614, 14, 21, 'خرم‌آباد-شاهرود', 392.45),
(615, 15, 21, 'سنندج-شاهرود', 653.31),
(616, 16, 21, 'یاسوج-شاهرود', 89.19),
(617, 17, 21, 'بجنورد-شاهرود', 486.03),
(618, 18, 21, 'سبزوار-شاهرود', 162.58),
(619, 19, 21, 'قائم‌شهر-شاهرود', 354.82),
(620, 20, 21, 'ساری-شاهرود', 286.36),
(621, 21, 21, 'شاهرود-شاهرود', 367.35),
(622, 22, 21, 'زنجان-شاهرود', 977.64),
(623, 23, 21, 'ملایر-شاهرود', 786.17),
(624, 24, 21, 'قزوین-شاهرود', 997.95),
(625, 25, 21, 'نیشابور-شاهرود', 631.21),
(626, 26, 21, 'شهرکرد-شاهرود', 162.19),
(627, 27, 21, 'کاشمر-شاهرود', 917.34),
(628, 28, 21, 'گلستان-شاهرود', 100.13),
(629, 29, 21, 'بیرجند-شاهرود', 748.62),
(630, 30, 21, 'فیروزکوه-شاهرود', 442.73),
(631, 1, 22, 'تهران-زنجان', 967.80),
(632, 2, 22, 'مشهد-زنجان', 510.78),
(633, 3, 22, 'اصفهان-زنجان', 650.49),
(634, 4, 22, 'کرج-زنجان', 720.14),
(635, 5, 22, 'تبریز-زنجان', 649.22),
(636, 6, 22, 'شیراز-زنجان', 85.67),
(637, 7, 22, 'اهواز-زنجان', 480.71),
(638, 8, 22, 'قم-زنجان', 146.53),
(639, 9, 22, 'گرگان-زنجان', 290.53),
(640, 10, 22, 'بندرعباس-زنجان', 13.06),
(641, 11, 22, 'ماکو-زنجان', 193.71),
(642, 12, 22, 'زاهدان-زنجان', 929.38),
(643, 13, 22, 'سیرجان-زنجان', 65.77),
(644, 14, 22, 'خرم‌آباد-زنجان', 540.71),
(645, 15, 22, 'سنندج-زنجان', 506.24),
(646, 16, 22, 'یاسوج-زنجان', 909.06),
(647, 17, 22, 'بجنورد-زنجان', 26.58),
(648, 18, 22, 'سبزوار-زنجان', 405.71),
(649, 19, 22, 'قائم‌شهر-زنجان', 948.83),
(650, 20, 22, 'ساری-زنجان', 527.02),
(651, 21, 22, 'شاهرود-زنجان', 788.59),
(652, 22, 22, 'زنجان-زنجان', 361.89),
(653, 23, 22, 'ملایر-زنجان', 443.71),
(654, 24, 22, 'قزوین-زنجان', 132.85),
(655, 25, 22, 'نیشابور-زنجان', 333.13),
(656, 26, 22, 'شهرکرد-زنجان', 267.12),
(657, 27, 22, 'کاشمر-زنجان', 336.20),
(658, 28, 22, 'گلستان-زنجان', 879.64),
(659, 29, 22, 'بیرجند-زنجان', 389.61),
(660, 30, 22, 'فیروزکوه-زنجان', 309.13),
(661, 1, 23, 'تهران-ملایر', 376.83),
(662, 2, 23, 'مشهد-ملایر', 956.74),
(663, 3, 23, 'اصفهان-ملایر', 653.20),
(664, 4, 23, 'کرج-ملایر', 395.77),
(665, 5, 23, 'تبریز-ملایر', 19.28),
(666, 6, 23, 'شیراز-ملایر', 909.10),
(667, 7, 23, 'اهواز-ملایر', 487.63),
(668, 8, 23, 'قم-ملایر', 710.84),
(669, 9, 23, 'گرگان-ملایر', 91.33),
(670, 10, 23, 'بندرعباس-ملایر', 324.14),
(671, 11, 23, 'ماکو-ملایر', 346.71),
(672, 12, 23, 'زاهدان-ملایر', 761.13),
(673, 13, 23, 'سیرجان-ملایر', 765.52),
(674, 14, 23, 'خرم‌آباد-ملایر', 544.20),
(675, 15, 23, 'سنندج-ملایر', 424.44),
(676, 16, 23, 'یاسوج-ملایر', 489.60),
(677, 17, 23, 'بجنورد-ملایر', 174.70),
(678, 18, 23, 'سبزوار-ملایر', 404.67),
(679, 19, 23, 'قائم‌شهر-ملایر', 499.28),
(680, 20, 23, 'ساری-ملایر', 282.36),
(681, 21, 23, 'شاهرود-ملایر', 913.98),
(682, 22, 23, 'زنجان-ملایر', 722.83),
(683, 23, 23, 'ملایر-ملایر', 872.21),
(684, 24, 23, 'قزوین-ملایر', 192.55),
(685, 25, 23, 'نیشابور-ملایر', 346.10),
(686, 26, 23, 'شهرکرد-ملایر', 152.88),
(687, 27, 23, 'کاشمر-ملایر', 726.10),
(688, 28, 23, 'گلستان-ملایر', 171.85),
(689, 29, 23, 'بیرجند-ملایر', 680.95),
(690, 30, 23, 'فیروزکوه-ملایر', 889.19),
(691, 1, 24, 'تهران-قزوین', 403.10),
(692, 2, 24, 'مشهد-قزوین', 347.96),
(693, 3, 24, 'اصفهان-قزوین', 530.47),
(694, 4, 24, 'کرج-قزوین', 608.47),
(695, 5, 24, 'تبریز-قزوین', 450.96),
(696, 6, 24, 'شیراز-قزوین', 429.38),
(697, 7, 24, 'اهواز-قزوین', 794.04),
(698, 8, 24, 'قم-قزوین', 682.03),
(699, 9, 24, 'گرگان-قزوین', 28.03),
(700, 10, 24, 'بندرعباس-قزوین', 94.07),
(701, 11, 24, 'ماکو-قزوین', 386.25),
(702, 12, 24, 'زاهدان-قزوین', 649.06),
(703, 13, 24, 'سیرجان-قزوین', 86.55),
(704, 14, 24, 'خرم‌آباد-قزوین', 485.54),
(705, 15, 24, 'سنندج-قزوین', 168.08),
(706, 16, 24, 'یاسوج-قزوین', 383.79),
(707, 17, 24, 'بجنورد-قزوین', 414.70),
(708, 18, 24, 'سبزوار-قزوین', 922.11),
(709, 19, 24, 'قائم‌شهر-قزوین', 366.46),
(710, 20, 24, 'ساری-قزوین', 65.96),
(711, 21, 24, 'شاهرود-قزوین', 230.43),
(712, 22, 24, 'زنجان-قزوین', 954.27),
(713, 23, 24, 'ملایر-قزوین', 80.07),
(714, 24, 24, 'قزوین-قزوین', 537.54),
(715, 25, 24, 'نیشابور-قزوین', 447.46),
(716, 26, 24, 'شهرکرد-قزوین', 624.71),
(717, 27, 24, 'کاشمر-قزوین', 781.18),
(718, 28, 24, 'گلستان-قزوین', 31.76),
(719, 29, 24, 'بیرجند-قزوین', 815.26),
(720, 30, 24, 'فیروزکوه-قزوین', 981.01),
(721, 1, 25, 'تهران-نیشابور', 459.28),
(722, 2, 25, 'مشهد-نیشابور', 353.36),
(723, 3, 25, 'اصفهان-نیشابور', 388.96),
(724, 4, 25, 'کرج-نیشابور', 884.71),
(725, 5, 25, 'تبریز-نیشابور', 256.67),
(726, 6, 25, 'شیراز-نیشابور', 629.23),
(727, 7, 25, 'اهواز-نیشابور', 376.13),
(728, 8, 25, 'قم-نیشابور', 992.97),
(729, 9, 25, 'گرگان-نیشابور', 836.44),
(730, 10, 25, 'بندرعباس-نیشابور', 203.29),
(731, 11, 25, 'ماکو-نیشابور', 507.15),
(732, 12, 25, 'زاهدان-نیشابور', 925.88),
(733, 13, 25, 'سیرجان-نیشابور', 107.95),
(734, 14, 25, 'خرم‌آباد-نیشابور', 762.11),
(735, 15, 25, 'سنندج-نیشابور', 486.70),
(736, 16, 25, 'یاسوج-نیشابور', 147.19),
(737, 17, 25, 'بجنورد-نیشابور', 275.83),
(738, 18, 25, 'سبزوار-نیشابور', 937.58),
(739, 19, 25, 'قائم‌شهر-نیشابور', 860.40),
(740, 20, 25, 'ساری-نیشابور', 489.28),
(741, 21, 25, 'شاهرود-نیشابور', 865.20),
(742, 22, 25, 'زنجان-نیشابور', 858.15),
(743, 23, 25, 'ملایر-نیشابور', 695.13),
(744, 24, 25, 'قزوین-نیشابور', 901.23),
(745, 25, 25, 'نیشابور-نیشابور', 420.74),
(746, 26, 25, 'شهرکرد-نیشابور', 400.03),
(747, 27, 25, 'کاشمر-نیشابور', 737.93),
(748, 28, 25, 'گلستان-نیشابور', 489.56),
(749, 29, 25, 'بیرجند-نیشابور', 234.01),
(750, 30, 25, 'فیروزکوه-نیشابور', 701.38),
(751, 1, 26, 'تهران-شهرکرد', 804.87),
(752, 2, 26, 'مشهد-شهرکرد', 920.22),
(753, 3, 26, 'اصفهان-شهرکرد', 186.49),
(754, 4, 26, 'کرج-شهرکرد', 171.80),
(755, 5, 26, 'تبریز-شهرکرد', 299.52),
(756, 6, 26, 'شیراز-شهرکرد', 982.20),
(757, 7, 26, 'اهواز-شهرکرد', 12.43),
(758, 8, 26, 'قم-شهرکرد', 115.54),
(759, 9, 26, 'گرگان-شهرکرد', 540.40),
(760, 10, 26, 'بندرعباس-شهرکرد', 355.41),
(761, 11, 26, 'ماکو-شهرکرد', 155.82),
(762, 12, 26, 'زاهدان-شهرکرد', 712.89),
(763, 13, 26, 'سیرجان-شهرکرد', 96.97),
(764, 14, 26, 'خرم‌آباد-شهرکرد', 346.20),
(765, 15, 26, 'سنندج-شهرکرد', 440.07),
(766, 16, 26, 'یاسوج-شهرکرد', 161.75),
(767, 17, 26, 'بجنورد-شهرکرد', 488.56),
(768, 18, 26, 'سبزوار-شهرکرد', 957.53),
(769, 19, 26, 'قائم‌شهر-شهرکرد', 322.00),
(770, 20, 26, 'ساری-شهرکرد', 737.38),
(771, 21, 26, 'شاهرود-شهرکرد', 720.89),
(772, 22, 26, 'زنجان-شهرکرد', 392.34),
(773, 23, 26, 'ملایر-شهرکرد', 799.02),
(774, 24, 26, 'قزوین-شهرکرد', 818.06),
(775, 25, 26, 'نیشابور-شهرکرد', 693.25),
(776, 26, 26, 'شهرکرد-شهرکرد', 12.06),
(777, 27, 26, 'کاشمر-شهرکرد', 980.55),
(778, 28, 26, 'گلستان-شهرکرد', 866.59),
(779, 29, 26, 'بیرجند-شهرکرد', 391.29),
(780, 30, 26, 'فیروزکوه-شهرکرد', 356.67),
(781, 1, 27, 'تهران-کاشمر', 609.49),
(782, 2, 27, 'مشهد-کاشمر', 977.43),
(783, 3, 27, 'اصفهان-کاشمر', 58.66),
(784, 4, 27, 'کرج-کاشمر', 361.05),
(785, 5, 27, 'تبریز-کاشمر', 629.25),
(786, 6, 27, 'شیراز-کاشمر', 63.10),
(787, 7, 27, 'اهواز-کاشمر', 427.76),
(788, 8, 27, 'قم-کاشمر', 949.48),
(789, 9, 27, 'گرگان-کاشمر', 464.13),
(790, 10, 27, 'بندرعباس-کاشمر', 472.19),
(791, 11, 27, 'ماکو-کاشمر', 968.57),
(792, 12, 27, 'زاهدان-کاشمر', 426.28),
(793, 13, 27, 'سیرجان-کاشمر', 225.69),
(794, 14, 27, 'خرم‌آباد-کاشمر', 849.59),
(795, 15, 27, 'سنندج-کاشمر', 570.91),
(796, 16, 27, 'یاسوج-کاشمر', 305.78),
(797, 17, 27, 'بجنورد-کاشمر', 816.18),
(798, 18, 27, 'سبزوار-کاشمر', 163.55),
(799, 19, 27, 'قائم‌شهر-کاشمر', 369.23),
(800, 20, 27, 'ساری-کاشمر', 355.47),
(801, 21, 27, 'شاهرود-کاشمر', 669.67),
(802, 22, 27, 'زنجان-کاشمر', 281.92),
(803, 23, 27, 'ملایر-کاشمر', 400.62),
(804, 24, 27, 'قزوین-کاشمر', 157.35),
(805, 25, 27, 'نیشابور-کاشمر', 584.86),
(806, 26, 27, 'شهرکرد-کاشمر', 452.25),
(807, 27, 27, 'کاشمر-کاشمر', 506.67),
(808, 28, 27, 'گلستان-کاشمر', 176.60),
(809, 29, 27, 'بیرجند-کاشمر', 363.00),
(810, 30, 27, 'فیروزکوه-کاشمر', 285.21),
(811, 1, 28, 'تهران-گلستان', 337.05),
(812, 2, 28, 'مشهد-گلستان', 829.62),
(813, 3, 28, 'اصفهان-گلستان', 136.94),
(814, 4, 28, 'کرج-گلستان', 195.86),
(815, 5, 28, 'تبریز-گلستان', 568.46),
(816, 6, 28, 'شیراز-گلستان', 254.71),
(817, 7, 28, 'اهواز-گلستان', 568.16),
(818, 8, 28, 'قم-گلستان', 76.70),
(819, 9, 28, 'گرگان-گلستان', 679.00),
(820, 10, 28, 'بندرعباس-گلستان', 164.92),
(821, 11, 28, 'ماکو-گلستان', 787.60),
(822, 12, 28, 'زاهدان-گلستان', 443.24),
(823, 13, 28, 'سیرجان-گلستان', 853.38),
(824, 14, 28, 'خرم‌آباد-گلستان', 937.18),
(825, 15, 28, 'سنندج-گلستان', 125.76),
(826, 16, 28, 'یاسوج-گلستان', 817.27),
(827, 17, 28, 'بجنورد-گلستان', 709.08),
(828, 18, 28, 'سبزوار-گلستان', 93.57),
(829, 19, 28, 'قائم‌شهر-گلستان', 340.63),
(830, 20, 28, 'ساری-گلستان', 422.42),
(831, 21, 28, 'شاهرود-گلستان', 90.23),
(832, 22, 28, 'زنجان-گلستان', 183.87),
(833, 23, 28, 'ملایر-گلستان', 648.65),
(834, 24, 28, 'قزوین-گلستان', 691.67),
(835, 25, 28, 'نیشابور-گلستان', 512.40),
(836, 26, 28, 'شهرکرد-گلستان', 487.00),
(837, 27, 28, 'کاشمر-گلستان', 897.78),
(838, 28, 28, 'گلستان-گلستان', 27.92),
(839, 29, 28, 'بیرجند-گلستان', 446.25),
(840, 30, 28, 'فیروزکوه-گلستان', 147.50),
(841, 1, 29, 'تهران-بیرجند', 398.76),
(842, 2, 29, 'مشهد-بیرجند', 551.27),
(843, 3, 29, 'اصفهان-بیرجند', 560.09),
(844, 4, 29, 'کرج-بیرجند', 146.64),
(845, 5, 29, 'تبریز-بیرجند', 52.92),
(846, 6, 29, 'شیراز-بیرجند', 824.68),
(847, 7, 29, 'اهواز-بیرجند', 964.65),
(848, 8, 29, 'قم-بیرجند', 349.19),
(849, 9, 29, 'گرگان-بیرجند', 852.01),
(850, 10, 29, 'بندرعباس-بیرجند', 212.48),
(851, 11, 29, 'ماکو-بیرجند', 506.37),
(852, 12, 29, 'زاهدان-بیرجند', 894.42),
(853, 13, 29, 'سیرجان-بیرجند', 953.00),
(854, 14, 29, 'خرم‌آباد-بیرجند', 81.72),
(855, 15, 29, 'سنندج-بیرجند', 549.62),
(856, 16, 29, 'یاسوج-بیرجند', 502.92),
(857, 17, 29, 'بجنورد-بیرجند', 865.75),
(858, 18, 29, 'سبزوار-بیرجند', 819.99),
(859, 19, 29, 'قائم‌شهر-بیرجند', 502.69),
(860, 20, 29, 'ساری-بیرجند', 53.47),
(861, 21, 29, 'شاهرود-بیرجند', 759.31),
(862, 22, 29, 'زنجان-بیرجند', 636.11),
(863, 23, 29, 'ملایر-بیرجند', 902.64),
(864, 24, 29, 'قزوین-بیرجند', 604.88),
(865, 25, 29, 'نیشابور-بیرجند', 316.48),
(866, 26, 29, 'شهرکرد-بیرجند', 767.75),
(867, 27, 29, 'کاشمر-بیرجند', 889.32),
(868, 28, 29, 'گلستان-بیرجند', 143.35),
(869, 29, 29, 'بیرجند-بیرجند', 48.78),
(870, 30, 29, 'فیروزکوه-بیرجند', 813.88),
(871, 1, 30, 'تهران-فیروزکوه', 923.02),
(872, 2, 30, 'مشهد-فیروزکوه', 173.49),
(873, 3, 30, 'اصفهان-فیروزکوه', 98.36),
(874, 4, 30, 'کرج-فیروزکوه', 971.34),
(875, 5, 30, 'تبریز-فیروزکوه', 561.62),
(876, 6, 30, 'شیراز-فیروزکوه', 894.10),
(877, 7, 30, 'اهواز-فیروزکوه', 785.63),
(878, 8, 30, 'قم-فیروزکوه', 245.87),
(879, 9, 30, 'گرگان-فیروزکوه', 872.44),
(880, 10, 30, 'بندرعباس-فیروزکوه', 624.59),
(881, 11, 30, 'ماکو-فیروزکوه', 505.61),
(882, 12, 30, 'زاهدان-فیروزکوه', 654.32),
(883, 13, 30, 'سیرجان-فیروزکوه', 754.74),
(884, 14, 30, 'خرم‌آباد-فیروزکوه', 810.73),
(885, 15, 30, 'سنندج-فیروزکوه', 789.45),
(886, 16, 30, 'یاسوج-فیروزکوه', 515.06),
(887, 17, 30, 'بجنورد-فیروزکوه', 206.95),
(888, 18, 30, 'سبزوار-فیروزکوه', 489.58),
(889, 19, 30, 'قائم‌شهر-فیروزکوه', 827.05),
(890, 20, 30, 'ساری-فیروزکوه', 666.49),
(891, 21, 30, 'شاهرود-فیروزکوه', 851.32),
(892, 22, 30, 'زنجان-فیروزکوه', 257.11),
(893, 23, 30, 'ملایر-فیروزکوه', 731.61),
(894, 24, 30, 'قزوین-فیروزکوه', 886.72),
(895, 25, 30, 'نیشابور-فیروزکوه', 238.75),
(896, 26, 30, 'شهرکرد-فیروزکوه', 533.62),
(897, 27, 30, 'کاشمر-فیروزکوه', 951.84),
(898, 28, 30, 'گلستان-فیروزکوه', 158.32),
(899, 29, 30, 'بیرجند-فیروزکوه', 936.09),
(900, 30, 30, 'فیروزکوه-فیروزکوه', 205.51);

-- --------------------------------------------------------

--
-- Table structure for table `destination_city`
--

CREATE TABLE `destination_city` (
  `idCTD` int(11) NOT NULL,
  `city` varchar(50) COLLATE utf8mb4_unicode_ci DEFAULT NULL
) ENGINE=InnoDB DEFAULT CHARSET=utf8mb4 COLLATE=utf8mb4_unicode_ci;

--
-- Dumping data for table `destination_city`
--

INSERT INTO `destination_city` (`idCTD`, `city`) VALUES
(1, 'تهران'),
(2, 'مشهد'),
(3, 'اصفهان'),
(4, 'کرج'),
(5, 'تبریز'),
(6, 'شیراز'),
(7, 'اهواز'),
(8, 'قم'),
(9, 'گرگان'),
(10, 'بندرعباس'),
(11, 'ماکو'),
(12, 'زاهدان'),
(13, 'سیرجان'),
(14, 'خرم‌آباد'),
(15, 'سنندج'),
(16, 'یاسوج'),
(17, 'بجنورد'),
(18, 'سبزوار'),
(19, 'قائم‌شهر'),
(20, 'ساری'),
(21, 'شاهرود'),
(22, 'زنجان'),
(23, 'ملایر'),
(24, 'قزوین'),
(25, 'نیشابور'),
(26, 'شهرکرد'),
(27, 'کاشمر'),
(28, 'گلستان'),
(29, 'بیرجند'),
(30, 'فیروزکوه');

-- --------------------------------------------------------

--
-- Table structure for table `purchase`
--

CREATE TABLE `purchase` (
  `idbt` int(11) NOT NULL,
  `id` int(11) DEFAULT NULL,
  `idTL` int(11) DEFAULT NULL,
  `passengers` int(11) DEFAULT NULL,
  `total_price` decimal(10,2) DEFAULT NULL,
  `tracking_id` int(5) DEFAULT NULL,
  `purchase_date` timestamp NULL DEFAULT current_timestamp() ON UPDATE current_timestamp()
) ENGINE=InnoDB DEFAULT CHARSET=utf8mb4 COLLATE=utf8mb4_unicode_ci;

--
-- Dumping data for table `purchase`
--

INSERT INTO `purchase` (`idbt`, `id`, `idTL`, `passengers`, `total_price`, `tracking_id`, `purchase_date`) VALUES
(546, 3, 24, 1, '76101.00', 14902743, '2023-06-22 20:30:00'),
(547, 3, 24, 1, '76101.00', 35835, '2023-06-22 20:30:00'),
(548, 3, 24, 1, '76101.00', 56177, '2023-06-22 20:30:00'),
(549, 1, 24, 5, '380505.00', 2147483647, '2023-06-23 20:30:00'),
(550, 1, 24, 1, '76101.00', 20739, '2023-06-23 20:30:00'),
(551, 4, 24, 1, '76101.00', 888739420, '2023-06-24 20:30:00'),
(552, 17, 24, 1, '76101.00', 2147483647, '2023-06-24 20:30:00'),
(553, 1, 3, 1, '243268.00', 65861, '2023-06-24 20:30:00'),
(554, 1, 5, 2, '111562.00', 45232, '2023-06-24 20:30:00'),
(555, 1, 21, 1, '272335.00', 86040, '2023-06-24 20:30:00'),
(556, 21, 21, 1, '272335.00', 2147483647, '2023-06-24 20:30:00'),
(557, 21, 10, 2, '282378.00', 33072, '2023-06-24 20:30:00');

-- --------------------------------------------------------

--
-- Table structure for table `source_city`
--

CREATE TABLE `source_city` (
  `idCTS` int(11) NOT NULL,
  `City` varchar(255) COLLATE utf8mb4_unicode_ci NOT NULL
) ENGINE=InnoDB DEFAULT CHARSET=utf8mb4 COLLATE=utf8mb4_unicode_ci;

--
-- Dumping data for table `source_city`
--

INSERT INTO `source_city` (`idCTS`, `City`) VALUES
(1, 'تهران'),
(2, 'مشهد'),
(3, 'اصفهان'),
(4, 'کرج'),
(5, 'تبریز'),
(6, 'شیراز'),
(7, 'اهواز'),
(8, 'قم'),
(9, 'گرگان'),
(10, 'بندرعباس'),
(11, 'ماکو'),
(12, 'زاهدان'),
(13, 'سیرجان'),
(14, 'خرم‌آباد'),
(15, 'سنندج'),
(16, 'یاسوج'),
(17, 'بجنورد'),
(18, 'سبزوار'),
(19, 'قائم‌شهر'),
(20, 'ساری'),
(21, 'شاهرود'),
(22, 'زنجان'),
(23, 'ملایر'),
(24, 'قزوین'),
(25, 'نیشابور'),
(26, 'شهرکرد'),
(27, 'کاشمر'),
(28, 'گلستان'),
(29, 'بیرجند'),
(30, 'فیروزکوه');

-- --------------------------------------------------------

--
-- Table structure for table `tempororys`
--

CREATE TABLE `tempororys` (
  `idTemp` int(11) NOT NULL,
  `id` int(11) DEFAULT NULL,
  `idTL` int(11) DEFAULT NULL,
  `passengers` int(11) DEFAULT NULL,
  `total_price` decimal(10,2) DEFAULT NULL,
  `available_tickets` int(11) DEFAULT NULL
) ENGINE=InnoDB DEFAULT CHARSET=utf8mb4 COLLATE=utf8mb4_unicode_ci;

-- --------------------------------------------------------

--
-- Table structure for table `train_lines`
--

CREATE TABLE `train_lines` (
  `idTL` int(11) NOT NULL,
  `train_name` varchar(255) NOT NULL,
  `Description` text NOT NULL,
  `departure_time` time NOT NULL,
  `arrival_time` time NOT NULL,
  `departure_date` date NOT NULL,
  `arrival_date` date NOT NULL,
  `price` int(11) NOT NULL,
  `available_tickets` int(11) NOT NULL,
  `is_round_trip` bit(1) DEFAULT NULL,
  `idCTR` int(11) NOT NULL
) ENGINE=InnoDB DEFAULT CHARSET=utf8mb4;

--
-- Dumping data for table `train_lines`
--

INSERT INTO `train_lines` (`idTL`, `train_name`, `Description`, `departure_time`, `arrival_time`, `departure_date`, `arrival_date`, `price`, `available_tickets`, `is_round_trip`, `idCTR`) VALUES
(1, 'قطار شماره 263', '4ستاره 4تخته سیمرغ نوین', '12:37:13', '08:18:15', '1402-10-23', '0000-00-00', 146057, 12, b'0', 48),
(2, 'قطار شماره 46', '3ستاره 6تخته پارسی', '12:00:46', '10:25:44', '1402-01-29', '1402-11-14', 96961, 5, b'1', 356),
(3, 'قطار شماره 29', '2ستاره 6تخته زاگرس', '08:44:25', '12:45:38', '1402-02-20', '0000-00-00', 243268, 8, b'0', 724),
(4, 'قطار شماره 470', '4ستاره 4تخته نوین', '11:50:26', '17:17:40', '1402-12-10', '0000-00-00', 152156, 78, b'0', 89),
(5, 'قطار شماره 286', '4ستاره 4تخته امید', '16:28:39', '08:17:07', '1402-09-05', '1402-11-23', 55781, 12, b'1', 704),
(6, 'قطار شماره 368', '4ستاره اتوبوسی صبا (اتوبوسی دو طبقه)', '12:36:23', '14:32:59', '1402-06-12', '1402-07-17', 290945, 16, b'1', 769),
(7, 'قطار شماره 328', '5ستاره زندگی با عصرانه', '19:07:33', '17:13:13', '1402-05-17', '1402-04-01', 272284, 15, b'1', 739),
(8, 'قطار شماره 193', '4ستاره 4تخته سیمرغ نوین', '14:50:45', '09:36:58', '1402-02-09', '0000-00-00', 195730, 12, b'0', 685),
(9, 'قطار شماره 204', '4ستاره 4تخته سیمرغ', '19:49:43', '16:23:12', '1402-08-28', '1402-11-24', 269195, 15, b'1', 436),
(10, 'قطار شماره 37', '4ستاره 4تخته امید', '22:28:29', '12:40:55', '1402-07-14', '0000-00-00', 141189, 8, b'0', 846),
(11, 'قطار شماره 398', '5ستاره زندگی با عصرانه', '09:41:25', '13:54:06', '1402-03-18', '1402-03-21', 139625, 5, b'1', 898),
(12, 'قطار شماره 67', '4ستاره 4تخته سبز', '18:30:17', '23:43:00', '1402-03-16', '0000-00-00', 119272, 3, b'0', 222),
(13, 'قطار شماره 381', '4ستاره اتوبوسی صبا (اتوبوسی دو طبقه)', '08:04:38', '07:36:30', '1402-12-28', '1402-05-30', 104484, 1, b'1', 595),
(14, 'قطار شماره 382', '5ستاره زندگی با عصرانه', '21:07:02', '21:42:35', '1402-01-25', '0000-00-00', 286535, 9, b'0', 796),
(15, 'قطار شماره 148', '4ستاره 4تخته سیمرغ', '20:58:26', '10:49:36', '1402-04-19', '0000-00-00', 203093, 6, b'0', 556),
(16, 'قطار شماره 273', '4ستاره تندرو پردیس', '21:54:19', '19:41:46', '1402-01-18', '1402-08-31', 204610, 14, b'1', 643),
(17, 'قطار شماره 359', '4ستاره 4تخته سریر', '14:26:12', '07:39:59', '1402-03-14', '1402-12-26', 114599, 15, b'1', 46),
(18, 'قطار شماره 304', '3ستاره 6تخته میالد', '21:57:34', '16:53:14', '1402-05-10', '1402-10-20', 275186, 14, b'1', 215),
(19, 'قطار شماره 134', '4ستاره 4تخته سبز', '17:34:24', '12:14:21', '1402-12-15', '1402-05-19', 118569, 4, b'1', 357),
(20, 'قطار شماره 336', '4ستاره اتوبوسی صبا (اتوبوسی دو طبقه)', '09:47:45', '20:47:20', '1402-01-08', '1402-12-17', 234114, 25, b'1', 67),
(21, 'قطار شماره 87', '5ستاره زندگی با عصرانه', '17:54:08', '18:43:27', '1402-10-04', '0000-00-00', 272335, 6, b'0', 517),
(22, 'قطار شماره 95', '4ستاره 4تخته سبز نوین', '10:43:17', '15:59:51', '1402-04-02', '1402-07-15', 272197, 19, b'1', 631),
(23, 'قطار شماره 177', '4ستاره 4تخته سبز نوین', '18:15:08', '11:16:28', '1402-12-07', '1402-01-24', 152000, 14, b'1', 853),
(24, 'قطار شماره 350', '5ستاره زندگی با پذیرایی شام و صبحانه', '18:05:31', '09:49:02', '1402-07-06', '0000-00-00', 76101, -10, b'0', 217),
(25, 'قطار شماره 363', '4ستاره 4تخته سیمرغ نوین', '22:26:10', '13:09:15', '1402-05-03', '0000-00-00', 57339, 12, b'0', 89),
(26, 'قطار شماره 169', '4ستاره 4تخته غزال', '13:32:54', '22:35:48', '1402-10-12', '1402-03-26', 63812, 4, b'1', 892),
(27, 'قطار شماره 277', '4ستاره 4تخته سبز نوین', '20:33:09', '12:31:29', '1402-10-24', '1402-05-21', 250331, 1, b'1', 861),
(28, 'قطار شماره 491', '4ستاره اتوبوسی صبا (اتوبوسی دو طبقه)', '07:41:08', '11:20:57', '1402-06-24', '1402-03-30', 243792, 12, b'1', 65),
(29, 'قطار شماره 102', '3ستاره 6تخته میالد', '20:41:38', '14:04:15', '1402-10-09', '1402-02-23', 220393, 19, b'1', 59),
(30, 'قطار شماره 123', '5ستاره زندگی با پذیرایی شام', '07:31:19', '14:06:58', '1402-05-30', '1402-08-09', 61942, 0, b'1', 285),
(31, 'قطار شماره 372', '4ستاره 4تخته نوین', '19:58:39', '17:01:06', '1402-10-20', '1402-03-14', 180370, 2, b'1', 628),
(32, 'قطار شماره 491', '3ستاره 4تخته البرز', '20:44:31', '08:42:51', '1402-07-30', '1402-04-21', 207496, 11, b'1', 606),
(33, 'قطار شماره 360', '4ستاره 4تخته سبز', '16:48:40', '19:21:58', '1402-10-12', '1402-12-29', 80813, 10, b'1', 822),
(34, 'قطار شماره 19', '4ستاره 4تخته سیمرغ', '14:35:17', '09:02:30', '1402-08-21', '0000-00-00', 224304, 17, b'0', 873),
(35, 'قطار شماره 106', '5ستاره زندگی با پذیرایی شام', '09:31:03', '08:48:31', '1402-02-05', '1402-11-13', 188058, 0, b'1', 280),
(36, 'قطار شماره 344', '5ستاره زندگی با عصرانه', '15:36:55', '15:00:03', '1402-01-26', '1402-09-21', 171156, 6, b'1', 693),
(37, 'قطار شماره 230', '4ستاره 4تخته غزال', '23:46:03', '16:25:07', '1402-06-04', '0000-00-00', 271727, 10, b'0', 450),
(38, 'قطار شماره 278', '3ستاره 4تخته البرز', '11:35:48', '18:43:40', '1402-06-11', '1402-05-22', 147297, 13, b'1', 722),
(39, 'قطار شماره 207', '3ستاره 6تخته میالد', '18:15:03', '08:10:49', '1402-08-10', '1402-11-15', 90137, 17, b'1', 691),
(40, 'قطار شماره 468', '4ستاره تندرو پردیس', '13:20:14', '08:00:18', '1402-07-24', '0000-00-00', 210837, 6, b'0', 280),
(41, 'قطار شماره 285', '4ستاره 4تخته سبز نوین', '22:33:24', '21:43:49', '1402-03-16', '1402-06-28', 99577, 17, b'1', 415),
(42, 'قطار شماره 476', '5ستاره زندگی با عصرانه', '13:23:57', '07:27:18', '1402-11-03', '1402-09-25', 108832, 10, b'1', 314),
(43, 'قطار شماره 303', '4ستاره 4تخته سبز نوین', '23:36:31', '08:13:03', '1402-02-23', '1402-07-13', 130327, 19, b'1', 544),
(44, 'قطار شماره 263', '4ستاره 4تخته سبز نوین', '20:49:18', '15:20:39', '1402-03-20', '0000-00-00', 119920, 4, b'0', 638),
(45, 'قطار شماره 127', '2ستاره 6تخته زاگرس', '09:26:18', '23:14:59', '1402-10-10', '1402-06-08', 131649, 6, b'1', 678),
(46, 'قطار شماره 228', '4ستاره تندرو پردیس', '07:18:06', '19:18:32', '1402-11-03', '1402-11-25', 187146, 17, b'1', 214),
(47, 'قطار شماره 109', '4ستاره 4تخته سریر', '13:19:01', '10:32:08', '1402-12-27', '0000-00-00', 81889, 10, b'0', 731),
(48, 'قطار شماره 303', '4ستاره 4تخته سریر', '17:05:12', '09:33:12', '1402-04-08', '0000-00-00', 134442, 17, b'0', 183),
(49, 'قطار شماره 355', '4ستاره 4تخته سیمرغ', '22:59:19', '16:45:27', '1402-02-21', '1402-12-06', 99720, 17, b'1', 270),
(50, 'قطار شماره 439', '4ستاره 4تخته آهو', '15:14:06', '20:28:43', '1402-04-01', '0000-00-00', 65840, 12, b'0', 304),
(51, 'قطار شماره 399', '5ستاره زندگی با عصرانه', '23:29:47', '14:52:32', '1402-06-11', '0000-00-00', 228721, 12, b'0', 343),
(52, 'قطار شماره 441', '5ستاره زندگی با پذیرایی شام و صبحانه', '11:30:39', '18:36:14', '1402-03-12', '1402-04-03', 235879, 2, b'1', 58),
(53, 'قطار شماره 410', '3ستاره 4تخته البرز', '22:19:07', '07:51:34', '1402-09-08', '1402-09-07', 133664, 15, b'1', 251),
(54, 'قطار شماره 168', '4ستاره 4تخته سبز', '21:17:00', '10:19:15', '1402-05-12', '1402-09-28', 273926, 11, b'1', 249),
(55, 'قطار شماره 346', '5ستاره زندگی با عصرانه', '17:33:03', '07:33:41', '1402-08-23', '1402-12-24', 203406, 8, b'1', 819),
(56, 'قطار شماره 34', '4ستاره 4تخته سبز', '17:14:41', '20:50:44', '1402-12-27', '0000-00-00', 293729, 9, b'0', 891),
(57, 'قطار شماره 47', '4ستاره 4تخته غزال', '15:25:27', '10:22:48', '1402-01-12', '0000-00-00', 283561, 1, b'0', 298),
(58, 'قطار شماره 344', '4ستاره اتوبوسی صبا (اتوبوسی دو طبقه)', '14:37:19', '10:02:07', '1402-08-29', '0000-00-00', 80104, 19, b'0', 847),
(59, 'قطار شماره 117', '3ستاره 6تخته پارسی', '12:45:19', '23:55:58', '1402-04-23', '1402-12-16', 206359, 11, b'1', 358),
(60, 'قطار شماره 241', '3ستاره 4تخته البرز', '10:37:13', '17:35:06', '1402-11-17', '0000-00-00', 186643, 0, b'0', 49),
(61, 'قطار شماره 447', '4ستاره 4تخته سبز نوین', '12:06:17', '21:00:39', '1402-01-01', '1402-05-31', 73353, 9, b'1', 199),
(62, 'قطار شماره 257', '2ستاره 6تخته زاگرس', '22:16:29', '23:15:32', '1402-01-23', '0000-00-00', 247701, 4, b'0', 218),
(63, 'قطار شماره 16', '2ستاره 6تخته زاگرس', '14:17:16', '07:51:34', '1402-02-20', '1402-06-30', 296815, 15, b'1', 291),
(64, 'قطار شماره 458', '4ستاره 4تخته سپهر', '17:23:34', '12:15:14', '1402-01-24', '1402-10-28', 257258, 4, b'1', 671),
(65, 'قطار شماره 362', '2ستاره 6تخته زاگرس', '13:24:37', '19:12:07', '1402-12-12', '0000-00-00', 195815, 13, b'0', 897),
(66, 'قطار شماره 448', '3ستاره 4تخته البرز', '15:15:20', '19:39:26', '1402-06-28', '1402-08-23', 182660, 15, b'1', 430),
(67, 'قطار شماره 386', '5ستاره زندگی با پذیرایی شام', '14:14:12', '20:49:51', '1402-10-03', '1402-11-06', 191860, 14, b'1', 520),
(68, 'قطار شماره 139', '4ستاره 4تخته غزال', '18:02:06', '14:04:53', '1402-12-26', '1402-05-23', 215654, 9, b'1', 279),
(69, 'قطار شماره 69', '4ستاره 4تخته سبز', '19:54:57', '13:32:38', '1402-12-23', '1402-09-24', 119961, 2, b'1', 636),
(70, 'قطار شماره 117', '4ستاره 4تخته آهو', '07:51:01', '16:19:43', '1402-09-22', '1402-06-09', 151254, 3, b'1', 754),
(71, 'قطار شماره 29', '4ستاره 4تخته سریر', '20:14:25', '19:14:48', '1402-01-05', '1402-09-24', 113888, 12, b'1', 139),
(72, 'قطار شماره 443', '4ستاره 4تخته سپهر', '23:27:05', '10:05:01', '1402-08-18', '0000-00-00', 262289, 8, b'0', 860),
(73, 'قطار شماره 215', '4ستاره 4تخته سیمرغ', '11:42:02', '08:40:11', '1402-11-26', '1402-08-24', 206705, 6, b'1', 363),
(74, 'قطار شماره 343', '4ستاره 4تخته سریر', '10:43:44', '07:40:07', '1402-07-07', '1402-08-21', 69524, 5, b'1', 145),
(75, 'قطار شماره 319', '3ستاره 4تخته خلیج فارس', '18:52:32', '16:55:57', '1402-08-27', '0000-00-00', 91872, 8, b'0', 516),
(76, 'قطار شماره 35', '4ستاره 4تخته سیمرغ نوین', '17:40:11', '22:49:52', '1402-10-17', '1402-12-02', 266950, 7, b'1', 18),
(77, 'قطار شماره 356', '4ستاره 4تخته غزال', '15:23:25', '12:44:13', '1402-03-22', '1402-05-05', 141989, 11, b'1', 419),
(78, 'قطار شماره 366', '4ستاره 4تخته سیمرغ نوین', '11:27:47', '08:59:54', '1402-01-18', '1402-03-18', 243803, 13, b'1', 74),
(79, 'قطار شماره 435', '3ستاره 6تخته میالد', '08:39:59', '22:02:30', '1402-11-24', '1402-11-15', 289178, 15, b'1', 568),
(80, 'قطار شماره 70', '5ستاره زندگی با پذیرایی شام', '20:45:00', '17:36:45', '1402-09-04', '1402-10-06', 121466, 15, b'1', 692),
(81, 'قطار شماره 479', '4ستاره 4تخته نوین', '15:12:57', '16:14:56', '1402-10-14', '1402-08-24', 181810, 10, b'1', 850),
(82, 'قطار شماره 240', '4ستاره 4تخته غزال', '16:32:52', '13:18:59', '1402-11-15', '1402-06-08', 249510, 6, b'1', 655),
(83, 'قطار شماره 410', '5ستاره زندگی با پذیرایی شام و صبحانه', '22:29:12', '08:41:25', '1402-07-17', '1402-05-30', 109492, 0, b'1', 648),
(84, 'قطار شماره 422', '4ستاره 4تخته سپهر', '08:00:00', '19:58:23', '1402-06-04', '1402-11-21', 275118, 2, b'1', 86),
(85, 'قطار شماره 379', '4ستاره 4تخته امید', '15:33:22', '11:08:05', '1402-03-12', '0000-00-00', 177437, 11, b'0', 580),
(86, 'قطار شماره 390', '3ستاره 4تخته البرز', '23:23:02', '15:11:22', '1402-11-07', '1402-05-31', 132529, 11, b'1', 288),
(87, 'قطار شماره 431', '4ستاره 4تخته سیمرغ نوین', '12:51:17', '09:24:00', '1402-07-03', '1402-04-10', 278566, 3, b'1', 90),
(88, 'قطار شماره 115', '3ستاره 4تخته خلیج فارس', '21:24:14', '16:19:14', '1402-11-09', '1402-06-25', 134566, 0, b'1', 780),
(89, 'قطار شماره 356', '4ستاره اتوبوسی صبا (اتوبوسی دو طبقه)', '23:22:19', '18:32:51', '1402-10-27', '0000-00-00', 264258, 12, b'0', 790),
(90, 'قطار شماره 29', '4ستاره اتوبوسی صبا (اتوبوسی دو طبقه)', '18:08:07', '08:44:39', '1402-11-21', '0000-00-00', 274945, 19, b'0', 211),
(91, 'قطار شماره 121', '3ستاره 4تخته خلیج فارس', '15:28:29', '20:07:49', '1402-07-12', '0000-00-00', 218875, 0, b'0', 27),
(92, 'قطار شماره 340', '4ستاره 4تخته امید', '12:11:27', '15:19:32', '1402-01-16', '1402-03-24', 118042, 5, b'1', 190),
(93, 'قطار شماره 222', '4ستاره 4تخته سپهر', '16:52:14', '16:47:26', '1402-01-02', '0000-00-00', 97281, 4, b'0', 645),
(94, 'قطار شماره 8', '5ستاره زندگی با پذیرایی شام و صبحانه', '22:49:19', '17:18:32', '1402-09-01', '1402-05-06', 128544, 5, b'1', 295),
(95, 'قطار شماره 29', '5ستاره زندگی با پذیرایی شام', '12:06:10', '12:38:33', '1402-09-17', '1402-07-14', 263111, 15, b'1', 816),
(96, 'قطار شماره 350', '5ستاره زندگی با پذیرایی شام و صبحانه', '20:09:49', '20:12:32', '1402-07-14', '0000-00-00', 150529, 1, b'0', 367),
(97, 'قطار شماره 157', '3ستاره 4تخته توس', '12:56:18', '20:40:48', '1402-09-30', '1402-07-15', 215538, 1, b'1', 88),
(98, 'قطار شماره 65', '3ستاره 4تخته خلیج فارس', '12:55:30', '13:05:30', '1402-06-08', '0000-00-00', 58473, 1, b'0', 172),
(99, 'قطار شماره 459', '4ستاره 4تخته سبز', '07:17:09', '12:37:42', '1402-07-04', '1402-11-04', 63208, 4, b'1', 112),
(100, 'قطار شماره 240', '3ستاره 6تخته میالد', '07:20:01', '18:16:24', '1402-09-13', '1402-12-25', 61522, 16, b'1', 6),
(101, 'قطار شماره 421', '4ستاره 4تخته غزال', '10:10:23', '13:57:50', '1402-10-24', '0000-00-00', 284254, 9, b'0', 765),
(102, 'قطار شماره 278', '4ستاره 4تخته سریر', '10:50:38', '14:54:14', '1402-02-21', '1402-05-07', 260003, 19, b'1', 694),
(103, 'قطار شماره 18', '5ستاره زندگی با عصرانه', '21:39:46', '10:31:10', '1402-04-28', '1402-07-25', 69543, 5, b'1', 501),
(104, 'قطار شماره 500', '2ستاره 6تخته زاگرس', '12:38:18', '18:12:06', '1402-11-11', '1402-08-14', 234547, 12, b'1', 839),
(105, 'قطار شماره 355', '5ستاره زندگی با عصرانه', '19:40:42', '17:16:25', '1402-07-06', '1402-09-11', 186144, 5, b'1', 236),
(106, 'قطار شماره 199', '3ستاره 4تخته خلیج فارس', '10:28:12', '21:04:20', '1402-12-12', '0000-00-00', 150075, 7, b'0', 596),
(107, 'قطار شماره 148', '3ستاره 4تخته توس', '15:20:35', '16:40:35', '1402-06-12', '1402-04-04', 203343, 2, b'1', 107),
(108, 'قطار شماره 205', '3ستاره 4تخته خلیج فارس', '18:46:38', '10:58:55', '1402-12-09', '1402-12-08', 106579, 9, b'1', 94),
(109, 'قطار شماره 450', '2ستاره 6تخته زاگرس', '10:01:33', '10:19:20', '1402-11-11', '1402-07-08', 190011, 18, b'1', 179),
(110, 'قطار شماره 289', '4ستاره تندرو پردیس', '11:52:16', '18:57:51', '1402-12-25', '1402-05-18', 64093, 6, b'1', 844),
(111, 'قطار شماره 69', '4ستاره 4تخته سیمرغ نوین', '21:46:21', '22:54:18', '1402-12-05', '0000-00-00', 147027, 16, b'0', 336),
(112, 'قطار شماره 58', '4ستاره تندرو پردیس', '14:44:38', '22:52:36', '1402-10-25', '1402-07-10', 243039, 1, b'1', 274),
(113, 'قطار شماره 495', '4ستاره 4تخته سیمرغ نوین', '07:30:07', '10:05:52', '1402-03-03', '1402-04-09', 171103, 19, b'1', 475),
(114, 'قطار شماره 113', '3ستاره 4تخته توس', '16:12:45', '07:36:21', '1402-11-02', '1402-05-24', 253486, 10, b'1', 387),
(115, 'قطار شماره 451', '4ستاره 4تخته سبز', '10:44:42', '13:44:31', '1402-06-12', '1402-01-20', 222146, 15, b'1', 89),
(116, 'قطار شماره 146', '3ستاره 4تخته البرز', '09:39:17', '22:27:42', '1402-12-03', '1402-06-19', 73144, 4, b'1', 322),
(117, 'قطار شماره 272', '4ستاره 4تخته نوین', '17:53:22', '16:47:18', '1402-07-22', '1402-05-19', 156337, 16, b'1', 321),
(118, 'قطار شماره 238', '4ستاره 4تخته آهو', '12:13:22', '08:53:21', '1402-03-27', '1402-01-11', 202903, 9, b'1', 391),
(119, 'قطار شماره 62', '3ستاره 4تخته خلیج فارس', '12:22:09', '10:33:51', '1402-06-08', '1402-02-04', 169532, 16, b'1', 749),
(120, 'قطار شماره 145', '5ستاره زندگی با عصرانه', '23:12:03', '22:13:36', '1402-03-02', '0000-00-00', 69812, 15, b'0', 9),
(121, 'قطار شماره 124', '4ستاره 4تخته سریر', '10:30:17', '11:55:52', '1402-03-19', '1402-06-09', 189292, 9, b'1', 656),
(122, 'قطار شماره 168', '2ستاره 6تخته زاگرس', '15:18:13', '14:26:45', '1402-07-23', '1402-06-22', 181064, 0, b'1', 118),
(123, 'قطار شماره 426', '4ستاره 4تخته امید', '21:38:13', '19:49:07', '1402-09-11', '0000-00-00', 214139, 15, b'0', 34),
(124, 'قطار شماره 96', '5ستاره زندگی با پذیرایی شام', '21:22:18', '18:05:01', '1402-03-16', '1402-11-02', 97996, 12, b'1', 207),
(125, 'قطار شماره 375', '4ستاره 4تخته سریر', '07:57:54', '07:38:15', '1402-08-02', '0000-00-00', 138887, 17, b'0', 502),
(126, 'قطار شماره 159', '4ستاره 4تخته آهو', '22:29:01', '17:16:46', '1402-05-04', '1402-06-08', 217763, 10, b'1', 543),
(127, 'قطار شماره 433', '4ستاره 4تخته امید', '15:48:54', '23:56:21', '1402-02-26', '1402-06-18', 157808, 18, b'1', 336),
(128, 'قطار شماره 471', '3ستاره 4تخته البرز', '16:58:20', '08:52:58', '1402-11-09', '1402-11-28', 92526, 3, b'1', 32),
(129, 'قطار شماره 497', '5ستاره زندگی با عصرانه', '21:39:09', '12:36:52', '1402-12-20', '1402-02-16', 223613, 1, b'1', 797),
(130, 'قطار شماره 31', '4ستاره 4تخته آهو', '18:06:01', '08:20:52', '1402-09-19', '0000-00-00', 143645, 17, b'0', 34),
(131, 'قطار شماره 121', '4ستاره 4تخته سیمرغ نوین', '08:34:42', '19:36:21', '1402-12-08', '0000-00-00', 84096, 1, b'0', 27),
(132, 'قطار شماره 491', '4ستاره 4تخته امید', '20:49:00', '09:04:50', '1402-05-18', '1402-10-07', 98546, 15, b'1', 477),
(133, 'قطار شماره 341', '2ستاره 6تخته زاگرس', '20:51:20', '07:34:32', '1402-09-17', '0000-00-00', 194478, 14, b'0', 501),
(134, 'قطار شماره 94', '4ستاره 4تخته نوین', '11:32:30', '20:09:16', '1402-02-22', '1402-12-11', 66771, 2, b'1', 491),
(135, 'قطار شماره 462', '4ستاره 4تخته نوین', '23:34:41', '08:51:19', '1402-04-25', '0000-00-00', 187805, 12, b'0', 750),
(136, 'قطار شماره 264', '5ستاره زندگی با عصرانه', '09:15:30', '08:27:05', '1402-08-29', '0000-00-00', 113190, 14, b'0', 363),
(137, 'قطار شماره 39', '4ستاره 4تخته سپهر', '09:55:34', '17:45:12', '1402-10-04', '1402-05-10', 67513, 16, b'1', 609),
(138, 'قطار شماره 310', '4ستاره 4تخته آهو', '08:10:54', '15:18:38', '1402-06-28', '1402-05-23', 74237, 18, b'1', 143),
(139, 'قطار شماره 105', '3ستاره 6تخته پارسی', '16:38:48', '10:36:32', '1402-06-25', '1402-03-26', 144500, 0, b'1', 509),
(140, 'قطار شماره 482', '3ستاره 6تخته پارسی', '09:05:55', '19:20:17', '1402-09-18', '1402-11-19', 267509, 9, b'1', 438),
(141, 'قطار شماره 472', '4ستاره 4تخته سیمرغ', '11:16:41', '14:20:11', '1402-04-15', '0000-00-00', 239026, 7, b'0', 645),
(142, 'قطار شماره 194', '4ستاره 4تخته آهو', '20:19:21', '19:54:02', '1402-01-05', '0000-00-00', 54422, 6, b'0', 148),
(143, 'قطار شماره 345', '4ستاره 4تخته آهو', '23:14:10', '19:01:57', '1402-08-12', '1402-11-17', 266968, 10, b'1', 91),
(144, 'قطار شماره 58', '4ستاره 4تخته امید', '11:40:51', '07:30:26', '1402-07-24', '1402-03-05', 220794, 11, b'1', 136),
(145, 'قطار شماره 217', '3ستاره 6تخته میالد', '19:07:51', '11:34:35', '1402-03-06', '0000-00-00', 115965, 8, b'0', 784),
(146, 'قطار شماره 388', '4ستاره 4تخته امید', '11:30:09', '23:58:29', '1402-04-08', '1402-04-06', 151648, 5, b'1', 381),
(147, 'قطار شماره 43', '4ستاره 4تخته سیمرغ نوین', '09:42:36', '16:10:31', '1402-07-03', '0000-00-00', 126090, 3, b'0', 492),
(148, 'قطار شماره 389', '5ستاره زندگی با عصرانه', '11:12:59', '22:25:48', '1402-03-10', '1402-09-18', 78862, 0, b'1', 249),
(149, 'قطار شماره 366', '4ستاره 4تخته نوین', '21:05:03', '23:07:45', '1402-01-06', '0000-00-00', 125298, 10, b'0', 339),
(150, 'قطار شماره 356', '3ستاره 4تخته البرز', '14:12:16', '23:47:11', '1402-07-23', '0000-00-00', 265763, 10, b'0', 94),
(151, 'قطار شماره 29', '3ستاره 4تخته خلیج فارس', '23:35:22', '19:01:26', '1402-07-05', '0000-00-00', 169524, 3, b'0', 598),
(152, 'قطار شماره 162', '4ستاره 4تخته سبز نوین', '17:38:49', '09:44:13', '1402-08-20', '0000-00-00', 275254, 4, b'0', 29),
(153, 'قطار شماره 438', '5ستاره زندگی با پذیرایی شام', '11:46:05', '20:11:48', '1402-07-10', '1402-12-13', 71943, 12, b'1', 786),
(154, 'قطار شماره 416', '4ستاره تندرو پردیس', '16:09:04', '10:20:50', '1402-03-12', '1402-02-09', 60656, 9, b'1', 616),
(155, 'قطار شماره 13', '4ستاره اتوبوسی صبا (اتوبوسی دو طبقه)', '08:17:14', '12:07:24', '1402-12-15', '0000-00-00', 176524, 10, b'0', 842),
(156, 'قطار شماره 130', '4ستاره 4تخته غزال', '15:15:55', '18:08:50', '1402-06-25', '0000-00-00', 170883, 4, b'0', 392),
(157, 'قطار شماره 436', '5ستاره زندگی با عصرانه', '07:47:30', '17:34:42', '1402-07-21', '1402-10-05', 56806, 10, b'1', 578),
(158, 'قطار شماره 477', '2ستاره 6تخته زاگرس', '21:10:59', '12:21:11', '1402-02-26', '1402-06-25', 184655, 0, b'1', 853),
(159, 'قطار شماره 473', '4ستاره 4تخته سیمرغ', '22:05:12', '17:11:25', '1402-12-11', '1402-04-19', 72484, 8, b'1', 659),
(160, 'قطار شماره 500', '3ستاره 4تخته توس', '20:39:17', '07:17:28', '1402-08-23', '1402-05-02', 202407, 1, b'1', 311),
(161, 'قطار شماره 21', '2ستاره 6تخته زاگرس', '09:50:46', '19:09:21', '1402-09-24', '1402-08-28', 64065, 4, b'1', 349),
(162, 'قطار شماره 116', '5ستاره زندگی با عصرانه', '23:50:52', '11:28:24', '1402-02-03', '1402-06-24', 83561, 15, b'1', 265),
(163, 'قطار شماره 34', '3ستاره 6تخته میالد', '14:39:30', '07:54:19', '1402-02-17', '0000-00-00', 292072, 3, b'0', 23),
(164, 'قطار شماره 142', '3ستاره 4تخته خلیج فارس', '12:46:53', '21:27:55', '1402-08-27', '1402-08-24', 122915, 10, b'1', 61),
(165, 'قطار شماره 217', '4ستاره اتوبوسی صبا (اتوبوسی دو طبقه)', '23:16:40', '15:21:06', '1402-04-12', '0000-00-00', 241597, 3, b'0', 524),
(166, 'قطار شماره 22', '4ستاره 4تخته غزال', '14:53:46', '10:19:49', '1402-05-17', '1402-07-20', 268926, 5, b'1', 805),
(167, 'قطار شماره 29', '4ستاره 4تخته آهو', '17:21:22', '21:49:35', '1402-08-17', '1402-06-26', 169724, 17, b'1', 74),
(168, 'قطار شماره 224', '3ستاره 4تخته خلیج فارس', '23:53:00', '17:35:42', '1402-07-18', '1402-04-09', 129549, 11, b'1', 57),
(169, 'قطار شماره 448', '5ستاره زندگی با پذیرایی شام و صبحانه', '11:50:59', '19:36:35', '1402-09-16', '1402-09-29', 159232, 2, b'1', 705),
(170, 'قطار شماره 114', '4ستاره 4تخته امید', '20:23:43', '11:24:05', '1402-08-07', '1402-10-05', 264106, 0, b'1', 332),
(171, 'قطار شماره 155', '5ستاره زندگی با پذیرایی شام و صبحانه', '14:26:09', '11:26:38', '1402-01-06', '1402-10-13', 148593, 16, b'1', 619),
(172, 'قطار شماره 90', '4ستاره اتوبوسی صبا (اتوبوسی دو طبقه)', '21:10:00', '17:42:52', '1402-11-17', '1402-01-19', 244680, 18, b'1', 308),
(173, 'قطار شماره 229', '3ستاره 6تخته میالد', '11:30:08', '23:10:08', '1402-08-08', '0000-00-00', 293127, 4, b'0', 658),
(174, 'قطار شماره 165', '4ستاره 4تخته سیمرغ', '14:38:04', '11:25:26', '1402-07-07', '1402-12-23', 294788, 4, b'1', 525),
(175, 'قطار شماره 6', '4ستاره 4تخته غزال', '12:11:34', '15:25:01', '1402-05-12', '0000-00-00', 201742, 11, b'0', 806),
(176, 'قطار شماره 484', '4ستاره 4تخته نوین', '09:33:18', '21:27:27', '1402-03-22', '1402-07-10', 134863, 1, b'1', 478),
(177, 'قطار شماره 19', '5ستاره زندگی با پذیرایی شام و صبحانه', '17:05:07', '21:32:23', '1402-12-12', '1402-03-09', 135237, 13, b'1', 652),
(178, 'قطار شماره 35', '4ستاره 4تخته سپهر', '09:56:48', '18:12:21', '1402-01-29', '0000-00-00', 164054, 4, b'0', 575),
(179, 'قطار شماره 369', '4ستاره 4تخته امید', '20:09:05', '18:08:12', '1402-11-17', '1402-12-11', 238795, 1, b'1', 630),
(180, 'قطار شماره 352', '2ستاره 6تخته زاگرس', '14:03:09', '23:26:31', '1402-02-04', '1402-08-14', 91494, 15, b'1', 38),
(181, 'قطار شماره 399', '4ستاره 4تخته سیمرغ نوین', '21:34:45', '22:16:01', '1402-10-27', '1402-04-03', 123418, 11, b'1', 375),
(182, 'قطار شماره 470', '2ستاره 6تخته زاگرس', '14:39:32', '14:22:36', '1402-10-17', '1402-03-24', 278500, 10, b'1', 216),
(183, 'قطار شماره 352', '4ستاره تندرو پردیس', '20:35:38', '22:05:28', '1402-09-27', '0000-00-00', 101651, 17, b'0', 591),
(184, 'قطار شماره 14', '4ستاره 4تخته سریر', '09:51:59', '19:56:13', '1402-11-27', '0000-00-00', 162334, 17, b'0', 806),
(185, 'قطار شماره 425', '3ستاره 4تخته خلیج فارس', '16:34:01', '11:30:13', '1402-08-08', '1402-08-14', 234372, 14, b'1', 378),
(186, 'قطار شماره 211', '5ستاره زندگی با پذیرایی شام', '21:22:51', '23:25:35', '1402-04-17', '1402-08-05', 213489, 19, b'1', 481),
(187, 'قطار شماره 393', '4ستاره 4تخته سپهر', '12:25:34', '11:07:44', '1402-02-08', '1402-09-23', 254543, 14, b'1', 748),
(188, 'قطار شماره 392', '4ستاره 4تخته سیمرغ', '14:13:53', '20:12:12', '1402-05-06', '1402-07-13', 299518, 13, b'1', 140),
(189, 'قطار شماره 213', '4ستاره 4تخته سبز نوین', '18:13:12', '07:26:24', '1402-08-14', '1402-07-04', 235994, 6, b'1', 71),
(190, 'قطار شماره 37', '5ستاره زندگی با پذیرایی شام', '09:07:50', '13:58:18', '1402-09-05', '0000-00-00', 297078, 9, b'0', 321),
(191, 'قطار شماره 51', '5ستاره زندگی با عصرانه', '14:27:29', '22:06:54', '1402-05-06', '0000-00-00', 188988, 10, b'0', 184),
(192, 'قطار شماره 487', '4ستاره 4تخته غزال', '11:19:19', '12:58:12', '1402-06-10', '1402-12-02', 78366, 1, b'1', 427),
(193, 'قطار شماره 14', '3ستاره 6تخته پارسی', '19:05:40', '15:07:21', '1402-04-15', '1402-09-01', 50366, 15, b'1', 785),
(194, 'قطار شماره 30', '4ستاره 4تخته امید', '18:31:26', '10:37:03', '1402-06-26', '1402-05-31', 238995, 12, b'1', 761),
(195, 'قطار شماره 181', '4ستاره 4تخته سریر', '11:35:20', '11:32:29', '1402-08-10', '1402-10-20', 287782, 15, b'1', 576);

-- --------------------------------------------------------

--
-- Table structure for table `transaction`
--

CREATE TABLE `transaction` (
  `idtr` int(11) NOT NULL,
  `id` int(11) NOT NULL,
  `transactionAmount` float DEFAULT NULL,
  `transaction_date` timestamp NULL DEFAULT current_timestamp() ON UPDATE current_timestamp(),
  `Remark` varchar(100) CHARACTER SET utf8 DEFAULT NULL,
  `transaction_id` int(11) DEFAULT NULL
) ENGINE=InnoDB DEFAULT CHARSET=utf8mb4 COLLATE=utf8mb4_unicode_ci;

--
-- Dumping data for table `transaction`
--

INSERT INTO `transaction` (`idtr`, `id`, `transactionAmount`, `transaction_date`, `Remark`, `transaction_id`) VALUES
(743, 1, 76101, '2023-06-23 20:30:00', ' خرید بلیط  ', 6050188),
(749, 1, 111562, '2023-06-24 20:30:00', ' خرید بلیط  ', 1736062),
(748, 1, 243268, '2023-06-24 20:30:00', ' خرید بلیط  ', 3482154),
(750, 1, 272335, '2023-06-24 20:30:00', ' خرید بلیط  ', 3845479),
(742, 1, 380505, '2023-06-23 20:30:00', ' خریدبلیط', 7195145),
(741, 1, 5000000, '2023-06-23 20:30:00', 'شارژ کیف پول', 96339795),
(740, 3, 76101, '2023-06-22 20:30:00', ' خرید بلیط  ', 4052714),
(739, 3, 76101, '2023-06-22 20:30:00', ' خرید بلیط  ', 9643505),
(738, 3, 76101, '2023-06-22 20:30:00', ' خریدبلیط', 5062595),
(737, 3, 500000, '2023-06-22 20:30:00', 'شارژ کیف پول', 26684550),
(752, 21, 272335, '2023-06-24 20:30:00', ' خریدبلیط', 2138219),
(753, 21, 282378, '2023-06-24 20:30:00', ' خرید بلیط  ', 7819771),
(751, 21, 5000000, '2023-06-24 20:30:00', 'شارژ کیف پول', 16758299);

-- --------------------------------------------------------

--
-- Table structure for table `users`
--

CREATE TABLE `users` (
  `id` int(11) NOT NULL,
  `user_id` int(11) NOT NULL,
  `username` varchar(128) NOT NULL COMMENT 'نام کاربری',
  `email` varchar(255) NOT NULL,
  `pass` varchar(8) NOT NULL COMMENT 'رمزعبور',
  `date` timestamp NOT NULL DEFAULT current_timestamp() ON UPDATE current_timestamp(),
  `date_of_birth` text NOT NULL,
  `mobile` varchar(15) NOT NULL,
  `education` varchar(255) NOT NULL,
  `national_code` int(10) NOT NULL,
  `image` varchar(50) NOT NULL
) ENGINE=InnoDB DEFAULT CHARSET=utf8mb4;

--
-- Dumping data for table `users`
--

INSERT INTO `users` (`id`, `user_id`, `username`, `email`, `pass`, `date`, `date_of_birth`, `mobile`, `education`, `national_code`, `image`) VALUES
(1, 5, 'hanieh', 'hanieh@gmail.com', '1234', '2023-06-22 20:05:02', '', '09198963078', '', 0, ''),
(3, 7, 'ali', 'ali@gmail.com', '123', '2023-06-23 16:34:51', '', '09198963079', '', 0, ''),
(19, 7, 'sse', 'sse@gmail.com', '123', '2023-06-25 19:32:41', '', '0917634911', '', 0, ''),
(20, 5, 'ssd', 'ssd@gamil.com', '123', '2023-06-25 19:37:29', '', '09196134912', '', 0, ''),
(21, 3, 'ssr', 'ssr@gamil.com', '123', '2023-06-25 19:41:22', '', '09176134916', '', 0, '');

-- --------------------------------------------------------

--
-- Table structure for table `wallet`
--

CREATE TABLE `wallet` (
  `idW` int(11) NOT NULL,
  `id` int(11) NOT NULL,
  `Amount` float NOT NULL,
  `Remark` text CHARACTER SET utf8mb4 NOT NULL,
  `walletdate` timestamp NULL DEFAULT current_timestamp() ON UPDATE current_timestamp()
) ENGINE=InnoDB DEFAULT CHARSET=utf8mb4 COLLATE=utf8mb4_unicode_ci;

--
-- Dumping data for table `wallet`
--

INSERT INTO `wallet` (`idW`, `id`, `Amount`, `Remark`, `walletdate`) VALUES
(194, 1, 3491700, ' شارژ کیف پول ', '2023-06-25 19:43:27'),
(197, 21, 4445280, ' شارژ کیف پول ', '2023-06-25 19:46:18');

--
-- Indexes for dumped tables
--

--
-- Indexes for table `city_routes`
--
ALTER TABLE `city_routes`
  ADD PRIMARY KEY (`idCTR`),
  ADD KEY `idCTS` (`idCTS`),
  ADD KEY `idCTD` (`idCTD`);

--
-- Indexes for table `destination_city`
--
ALTER TABLE `destination_city`
  ADD PRIMARY KEY (`idCTD`);

--
-- Indexes for table `purchase`
--
ALTER TABLE `purchase`
  ADD PRIMARY KEY (`idbt`),
  ADD UNIQUE KEY `id` (`id`,`idTL`,`purchase_date`,`tracking_id`) USING BTREE;

--
-- Indexes for table `source_city`
--
ALTER TABLE `source_city`
  ADD PRIMARY KEY (`idCTS`);

--
-- Indexes for table `tempororys`
--
ALTER TABLE `tempororys`
  ADD PRIMARY KEY (`idTemp`);

--
-- Indexes for table `train_lines`
--
ALTER TABLE `train_lines`
  ADD PRIMARY KEY (`idTL`),
  ADD KEY `idCTR` (`idCTR`);

--
-- Indexes for table `transaction`
--
ALTER TABLE `transaction`
  ADD PRIMARY KEY (`idtr`),
  ADD UNIQUE KEY `id` (`id`,`transactionAmount`,`transaction_date`,`Remark`,`transaction_id`) USING BTREE;

--
-- Indexes for table `users`
--
ALTER TABLE `users`
  ADD PRIMARY KEY (`id`) USING BTREE,
  ADD UNIQUE KEY `mobile` (`mobile`);

--
-- Indexes for table `wallet`
--
ALTER TABLE `wallet`
  ADD PRIMARY KEY (`idW`),
  ADD UNIQUE KEY `id` (`id`,`Amount`,`walletdate`);

--
-- AUTO_INCREMENT for dumped tables
--

--
-- AUTO_INCREMENT for table `city_routes`
--
ALTER TABLE `city_routes`
  MODIFY `idCTR` int(11) NOT NULL AUTO_INCREMENT, AUTO_INCREMENT=901;

--
-- AUTO_INCREMENT for table `purchase`
--
ALTER TABLE `purchase`
  MODIFY `idbt` int(11) NOT NULL AUTO_INCREMENT, AUTO_INCREMENT=558;

--
-- AUTO_INCREMENT for table `tempororys`
--
ALTER TABLE `tempororys`
  MODIFY `idTemp` int(11) NOT NULL AUTO_INCREMENT, AUTO_INCREMENT=243;

--
-- AUTO_INCREMENT for table `train_lines`
--
ALTER TABLE `train_lines`
  MODIFY `idTL` int(11) NOT NULL AUTO_INCREMENT, AUTO_INCREMENT=196;

--
-- AUTO_INCREMENT for table `transaction`
--
ALTER TABLE `transaction`
  MODIFY `idtr` int(11) NOT NULL AUTO_INCREMENT, AUTO_INCREMENT=754;

--
-- AUTO_INCREMENT for table `users`
--
ALTER TABLE `users`
  MODIFY `id` int(11) NOT NULL AUTO_INCREMENT, AUTO_INCREMENT=22;

--
-- AUTO_INCREMENT for table `wallet`
--
ALTER TABLE `wallet`
  MODIFY `idW` int(11) NOT NULL AUTO_INCREMENT, AUTO_INCREMENT=198;

--
-- Constraints for dumped tables
--

--
-- Constraints for table `city_routes`
--
ALTER TABLE `city_routes`
  ADD CONSTRAINT `city_routes_ibfk_1` FOREIGN KEY (`idCTS`) REFERENCES `source_city` (`idCTS`),
  ADD CONSTRAINT `city_routes_ibfk_2` FOREIGN KEY (`idCTD`) REFERENCES `destination_city` (`idCTD`);

--
-- Constraints for table `train_lines`
--
ALTER TABLE `train_lines`
  ADD CONSTRAINT `train_lines_ibfk_1` FOREIGN KEY (`idCTR`) REFERENCES `city_routes` (`idCTR`);

--
-- Constraints for table `transaction`
--
ALTER TABLE `transaction`
  ADD CONSTRAINT `transaction_ibfk_1` FOREIGN KEY (`id`) REFERENCES `users` (`id`);

--
-- Constraints for table `wallet`
--
ALTER TABLE `wallet`
  ADD CONSTRAINT `wallet_ibfk_1` FOREIGN KEY (`id`) REFERENCES `users` (`id`);
COMMIT;

/*!40101 SET CHARACTER_SET_CLIENT=@OLD_CHARACTER_SET_CLIENT */;
/*!40101 SET CHARACTER_SET_RESULTS=@OLD_CHARACTER_SET_RESULTS */;
/*!40101 SET COLLATION_CONNECTION=@OLD_COLLATION_CONNECTION */;
